#;date;event;odd;bookie;initiator;bet;pay;cur;status
1;08/03/2024 05:26;Monagas SC - Portuguesa FC Football. Venezuela - Primera Division 2024-03-08 23:00;2-way: Handicap/Spread 1st team(0) = 1.99;Pinnacle;;18.59;36.99;BRL;
;;;2-way: Handicap/Spread 2nd team(0) = 2.21;Favbet;;16.74;37.0;BRL;
;;;;;;;;;
2;08/03/2024 05:17;Espanyol B - Lleida Esportiu Football. Spain. Segunda Federacion 2024-03-09 17:00;2-way: Handicap/Spread 1st team(0) = 2.14;Pinnacle;;18.65;39.91;BRL;
;;;2-way: Handicap/Spread 2nd team(0) = 2.03;Favbet;;19.66;39.91;BRL;
;;;;;;;;;
3;08/03/2024 05:15;CD Guadalajara SAD - UD Montijo Football. Spain. Segunda Federacion 2024-03-09 17:00;Total Over(2) = 2;Favbet;;20.25;40.5;BRL;
;;;Total Under(2) = 2.48;Pinnacle;;16.33;40.5;BRL;
;;;;;;;;;
4;08/03/2024 03:59;FK Banik Most-Sous - TJ Sokol Zivanice Football. Czech Republic. 3.Liga 2024-03-09 13:30;3-way: 1st team win = 2.18;Vbet;;20.95;45.67;BRL;
;;;Double chance: draw or 2nd team win = 2.1;SportyBet;;21.750.000.000.000.000;45.68;BRL;
;;;;;;;;;
5;08/03/2024 03:58;FK Banik Most-Sous - TJ Sokol Zivanice Football. Czech Republic. 3.Liga 2024-03-09 13:30;2-way: Handicap/Spread 1st team(0) = 1.62;Vbet;;39.88;64.61;BRL;
;;;Draw No Bet: 2nd team win = 3.5;SportyBet;;18.46;64.61;BRL;
;;;;;;;;;
6;08/03/2024 03:58;FK Banik Most-Sous - TJ Sokol Zivanice Football. Czech Republic. 3.Liga 2024-03-09 13:30;2-way: Handicap/Spread 1st team(0) = 1.62;Vbet;;39.88;64.61;BRL;
;;;Draw No Bet: 2nd team win = 3.5;SportyBet;;18.46;64.61;BRL;
;;;;;;;;;
7;08/03/2024 03:25;1.BFK Frydlant - MFK Frydek Mistek Football. Czech Republic. 3.Liga 2024-03-09 13:30;Double chance: 1st team win or draw = 2.6;SportyBet;;7;18.2;BRL;
;;;3-way: 2nd team win = 1.85;Vbet;;9.84;18.2;BRL;
;;;;;;;;;
8;08/03/2024 03:11;CS Dock Sud - Excursionistas Football. Argentina - Primera B Metropolitana 2024-03-08 23:00;Draw No Bet: 1st team win = 2.375;Bet365;;19.31;45.86;BRL;
;;;2-way: Handicap/Spread 2nd team(0) = 1.88;Favbet;;24.4;45.87;BRL;
;;;;;;;;;
9;08/03/2024 03:11;Lecce - Verona Football. Italy. Serie A 2024-03-10 11:30;Total Over (3-way)(10)Corners = 3.4;Bet365;;23.82;80.99;BRL;
;;;Total Under(10.5)Corners = 1.5;Favbet;;54;81.0;BRL;
;;;;;;;;;
10;08/03/2024 03:10;FC Lorient - Olympique Lyonnais Football. France. League 1 2024-03-09 16:00;Total Over 1st team(3.5)Corners = 1.727;Bet365;;25.29;43.68;BRL;
;;;Total Under 1st team(3.5)Corners = 2.62;Favbet;;16.67;43.68;BRL;
;;;;;;;;;
11;08/03/2024 03:08;FC Dynamo Kyiv - FC Zorya Luhansk Football. Ukraine. Premier League 2024-03-12 13:30;Total Over(3) = 2.49;Pinnacle;;101.66;253.13;BRL;
;;;Total Under(3) = 1.8;Favbet;;140.63;253.13;BRL;
;;;;;;;;;
12;08/03/2024 03:05;Heroic - OG e-Sports. Counter-Strike. BLAST Premier. Spring Showdown 2024-03-09 14:30;Draw No Bet: 1st team win = 1.44;Favbet;;40.5;58.32;BRL;
;;;Draw No Bet: 2nd team win = 3.88;SportyBet;;15;58.2;BRL;
;;;;;;;;;
13;08/03/2024 03:03;SC Dnipro-1 - Rukh Lviv Football. Ukraine. Premier League 2024-03-08 11:00;Total Over 1st team(3)Corners 1 period = 2.5;Vbet;;20.25;50.63;BRL;
;;;Total Under 1st team(3)Corners 1 period = 1.8;Favbet;;28.129.999.999.999.900;50.63;BRL;
;;;;;;;;;
14;07/03/2024 23:55;Liverpool - AC Sparta Praha Football. Europe. UEFA Europa League 2024-03-14 20:00;3-way: draw = 7.32;SportyBet;;76.67;561.22;BRL;
;;;Double chance: 1st team win or 2nd team win = 1.22;Favbet;;460;561.2;BRL;
;;;;;;;;;
15;07/03/2024 22:19;Atalanta U19 - Sassuolo U19 Football. Italy. Campionato Primavera 1 2024-03-09 10:00;Total Over(3) = 1.89;Vbet;;9.18;17.35;BRL;
;;;Total Under(3) = 2.4;Favbet;;7.23;17.35;BRL;
;;;;;;;;;
16;07/03/2024 18:50;Deportivo Riestra - Independiente Rivadavia Football. Argentina. Copa de la Liga Profesional 2024-03-12 00:15;Total Under(3.75) = 1.35;Vbet;;118.58;160.08;BRL;
;;;Total Over(3.5) = 5.2;SportyBet;;19.38;100.78;BRL;
;;;Total Over(4.5) = 11;Bwin;;5.39;59.29;Bwin;
;;;;;;;;;
17;07/03/2024 18:47;SC Dnipro-1 - Rukh Lviv Football. Ukraine. Premier League 2024-03-08 11:00;Total Over(9)Corners = 2;Bet365;;17.5;35.0;BRL;
;;;Total Under(9)Corners = 2.22;Favbet;;15.770.000.000.000.000;35.01;BRL;
;;;;;;;;;
18;07/03/2024 18:43;Brighton and Hove Albion - Nottingham Forest Football. England. Premier League 2024-03-10 14:00;Total Over (3-way)(14)Corners = 7.5;Bwin;;5.39;40.43;BRL;
;;;Total Under(14.5)Corners = 1.63;Vbet;;24.8;40.42;BRL;
;;;;;;;;;
19;07/03/2024 17:46;VfB Stuttgart - 1. FC Union Berlin Football. Germany. Bundesliga 2024-03-08 19:30;2-way: Handicap/Spread 2nd team(0)Cards = 1.46;Favbet;;42.79;62.47;BRL;
;;;2-way: Handicap/Spread 1st team(0.5)Cards = 2.43;Pinnacle;;8.1;19.68;BRL;
;;;3-way: European Handicap/Spread 1st team(0)Cards = 5.5;Bet365;;7.78;42.79;Bet365;
;;;;;;;;;
20;07/03/2024 17:44;VfB Stuttgart - 1. FC Union Berlin Football. Germany. Bundesliga 2024-03-08 19:30;2-way: Handicap/Spread 1st team(1)Cards = 2;Bet365;;17.5;35.0;BRL;
;;;2-way: Handicap/Spread 2nd team(-1)Cards = 2.32;Favbet;;15.09;35.01;BRL;
;;;;;;;;;
21;07/03/2024 15:26;GS Lavriou - Olympiacos Piraeus BC Basketball. Greece. Basket League 2024-03-09 15:15;2-way: Handicap/Spread 1st team(23.5) = 1.869;Vbet;;20.866.999.999.999.900;390.0;BRL;
;;;2-way: Handicap/Spread 2nd team(-23.5) = 2.6;1win;;150;390.0;BRL;
;;;;;;;;;
22;07/03/2024 15:17;Al Wahda - CS Sagesse Basketball. Asia. West Asia Super League 2024-03-07 15:45;2-way: Handicap/Spread 1st team(11.5)1 half = 1.943;Pinnacle;;6.94;13.48;BRL;
;;;2-way: Handicap/Spread 2nd team(-11.5)1 half = 2.5;Bwin;;5.39;13.48;BRL;
;;;;;;;;;
23;07/03/2024 15:07;FC Dynamo Kyiv - Veres Football. Ukraine. Premier League 2024-03-07 16:00;Total Over(10)Corners = 1.952;Pinnacle;;41.34;80.7;BRL;
;;;Total Under(10)Corners = 2.26;Favbet;;35.71;80.7;BRL;
;;;;;;;;;
24;07/03/2024 15:06;Hermes Kokkola - Koo-vee Hockey. Finland. Mestis 2024-03-07 16:30;3-way: 1st team win = 2.22;Pinnacle;;19.71;43.76;BRL;
;;;3-way: draw = 4.7;Vbet;;2.63;12.36;BRL;
;;;2-way: Handicap/Spread 2nd team(0.25) = 2.3;Vbet;;19.02;43.75;Vbet;
;;;;;;;;;
25;07/03/2024 15:04;Kremser SC - FC Mauerwerk Football. Austria. Regional League East 2024-03-09 15:00;3-way: 1st team win = 1.57;Favbet;;17.76;27.88;BRL;
;;;3-way: draw = 7.2;Vbet;;3.87;27.86;BRL;
;;;3-way: 2nd team win = 7.7;Vbet;;3.62;27.87;Vbet;
;;;;;;;;;
26;07/03/2024 13:38;Portimonense SC - FC Porto Football. Portugal. Primeira Liga 2024-03-08 18:45;Double chance: 1st team win or drawCorners = 5.3;Vbet;;9.83;52.1;BRL;
;;;3-way: 2nd team winCorners = 1.5;BetfairSB;;34.74;52.11;BRL;
;;;;;;;;;
27;07/03/2024 13:07;Maccabi Tel Aviv FC - Olympiacos Piraeus Football. Europe. UEFA Europa Conference League 2024-03-07 17:45;3-way: European Handicap/Spread 1st team(0)Cards = 3.4;Bet365;;7.29;24.79;BRL;
;;;3-way: drawCards = 4.9;Favbet;;2.76;13.52;BRL;
;;;2-way: Handicap/Spread 2nd team(0)Cards = 2.2;Favbet;;11.27;24.79;Favbet;
;;;;;;;;;
28;07/03/2024 12:51;Granada - Real Sociedad Football. Spain. La Liga 2024-03-09 17:30;Total Over 1st team(3.5)Corners = 2.1;Bet365;;12.089.999.999.999.900;25.39;BRL;
;;;Total Under 1st team(3.5)Corners = 2.05;BetfairSB;;12.39;25.4;BRL;
;;;;;;;;;
29;07/03/2024 11:42;Borneo FC Samarinda - Persebaya Surabaya Football. Indonesia. Liga 1 2024-03-07 12:00;Total Over 2nd team(1) = 2.95;Vbet;;12.68;37.41;BRL;
;;;Total Under 2nd team(1) = 1.67;Favbet;;22.4;37.41;BRL;
;;;;;;;;;
30;07/03/2024 11:41;Club Brugge - Molde FK Football. Europe. UEFA Europa Conference League 2024-03-07 17:45;To qualify 1st team = 1.47;Favbet;;215.43;316.68;BRL;
;;;To qualify 2nd team = 3.63;Vbet;;87.24;316.68;BRL;
;;;;;;;;;
31;07/03/2024 07:16;Fenix Toulouse - USAM Nimes Handball. France. Division 1 2024-03-08 19:00;Total Over(60.5) = 2.36;Pinnacle;;17.8;42.01;BRL;
;;;Total Under(60.5) = 2;Bet365;;21;42.0;BRL;
;;;;;;;;;
32;07/03/2024 06:42;Preston North End - Stoke City Football. England. Championship 2024-03-09 15:00;2-way: Handicap/Spread 2nd team(0)Cards = 1.847;Pinnacle;;44.97;83.06;BRL;
;;;2-way: Handicap/Spread 1st team(0.5)Cards = 1.85;Bet365;;20.59;38.09;BRL;
;;;3-way: European Handicap/Spread 1st team(0)Cards = 3.2;Bet365;;14.05;44.96;Bet365;
;;;;;;;;;
33;07/03/2024 06:20;OSC Bremerhaven - SC Vahr Blockdiek Football. Germany. Oberliga 2024-03-08 18:00;Total Under(4) = 1.87;Vbet;;8.55;15.99;BRL;
;;;Total Over(3.5) = 2.05;BetfairSB;;3.65;7.48;BRL;
;;;Total Over(4.5) = 3.5;BetfairSB;;2.4;8.4;BetfairSB;
;;;;;;;;;
34;07/03/2024 06:12;CF Atlante - CD Tepatitlan de Morelos Football. Mexico. Liga de Expansion MX 2024-03-14 01:05;Total Over(2) = 1.746;Pinnacle;;297.82;519.99;BRL;
;;;Total Under(2) = 2.6;1win;;200;520.0;BRL;
;;;;;;;;;
35;07/03/2024 06:11;GODSENT - Passion UA e-Sports. Counter-Strike. YaLLa Compass Spring 2024-03-07 18:00;Draw No Bet: 1st team win = 2.09;SportyBet;;15;31.35;BRL;
;;;Draw No Bet: 2nd team win = 2.16;Favbet;;14.509.999.999.999.900;31.34;BRL;
;;;;;;;;;
36;07/03/2024 05:58;Kevin Del - Younes Najid MMA. PFL 2024-03-07 16:00;Draw No Bet: 1st team win = 4.25;Favbet;;6.23;26.48;BRL;
;;;Draw No Bet: 2nd team win = 1.44;BetfairSB;;18.39;26.48;BRL;
;;;;;;;;;
37;07/03/2024 04:01;SC Dnipro-1 - Rukh Lviv Football. Ukraine. Premier League 2024-03-08 11:00;2-way: Handicap/Spread 1st team(-2)Corners = 2;Vbet;;41.57;83.14;BRL;
;;;2-way: Handicap/Spread 2nd team(2)Corners = 2.18;Favbet;;38.14;83.15;BRL;
;;;;;;;;;
38;07/03/2024 03:58;Ignacio Capella - Yazid Chouchane MMA. Upcoming Fights. PFL 2024-03-07 17:00;Draw No Bet: 1st team win = 2.6;1win;;300;780.0;BRL;
;;;Draw No Bet: 2nd team win = 1.763;Pinnacle;;442.43;780.0;BRL;
;;;;;;;;;
39;07/03/2024 03:57;Benfica - Rangers Football. UEFA Europa League 2024-03-07 20:00;Total Over 2nd team(9.5)Shots = 1.909;Bet365;;12.16;23.21;BRL;
;;;Total Under 2nd team(9.5)Shots = 2.39;Favbet;;9.71;23.21;BRL;
;;;;;;;;;
40;07/03/2024 03:55;Fujian Sturgeons - Shanxi Loongs Basketball. China. CBA 2024-03-07 11:35;3-way: 1st team win1 period = 2.76;Favbet;;5.75;15.87;BRL;
;;;2-way: Handicap/Spread 2nd team(0.5)1 period = 1.9;Bet365;;8.35;15.86;BRL;
;;;;;;;;;
41;07/03/2024 03:53;Liverpool - Sparta Prague Football. UEFA Club Competitions. UEFA Europa League 2024-03-07 17:45;Total Over 1st team(1.5)Offsides = 2.2;Favbet;;11.25;24.75;BRL;
;;;Total Under 1st team(1.5)Offsides = 2.375;Bet365;;10.42;24.75;BRL;
;;;;;;;;;
42;06/03/2024 19:32;FC Copenhagen - Manchester City Football. Europe. UEFA Champions League 2024-03-06 20:00;Total Over(9.5)Corners = 1.87;SportyBet;;10.9;20.38;BRL;
;;;Total Under(9.5)Corners = 2.83;Favbet;;7.2;20.38;BRL;
;;;;;;;;;
43;06/03/2024 18:48;FC Dynamo Kyiv - Veres Football. Ukraine. Premier League 2024-03-07 16:00;Total Over(5)Corners 1 period = 2.31;Pinnacle;;20.56;47.49;BRL;
;;;Total Under(5)Corners 1 period = 1.9;Favbet;;25;47.5;BRL;
;;;;;;;;;
44;06/03/2024 18:48;FC Dynamo Kyiv - Veres Football. Ukraine. Premier League 2024-03-07 16:00;Total Over(4.5)Corners 1 period = 1.943;Pinnacle;;20.77;40.36;BRL;
;;;Total Under(4.5)Corners 1 period = 2.26;Favbet;;17.86;40.36;BRL;
;;;;;;;;;
45;06/03/2024 18:47;Minnesota RØKKR - Seattle Surge e-Sports. Call of Duty. Call of Duty League 2024-03-09 21:30;Draw No Bet: 1st team win5 Map = 2.2;Favbet;;7.66;16.85;BRL;
;;;Draw No Bet: 2nd team win5 Map = 2.04;Pinnacle E-sports;;8.26;16.85;BRL;
;;;;;;;;;
46;06/03/2024 18:45;Getafe - Valencia Football. Spain. La Liga 2024-03-09 13:00;Total Over(8)Corners = 1.95;Bet365;;25.09;48.93;BRL;
;;;Total Under(8)Corners = 2.23;Favbet;;21.94;48.93;BRL;
;;;;;;;;;
47;06/03/2024 18:45;Getafe - Valencia Football. Spain. La Liga 2024-03-09 13:00;Total Over 2nd team(4.5)Corners = 1.909;Bet365;;41.94;80.06;BRL;
;;;Total Under 2nd team(4.5)Corners = 2.44;Favbet;;32.81;80.06;BRL;
;;;;;;;;;
48;06/03/2024 18:42;RB Leipzig - Real Madrid Football. Europe. UEFA Champions League 2024-03-06 20:00;Total Over 1st team(4.5)Corners = 1.85;BetfairSB;;43.27;80.05;BRL;
;;;Total Under 1st team(4.5)Corners = 2.44;Favbet;;32.81;80.06;BRL;
;;;;;;;;;
49;06/03/2024 18:41;RB Leipzig - Real Madrid Football. Europe. UEFA Champions League 2024-03-06 20:00;Total Over 1st team(5.5)Corners = 2.8;BetfairSB;;24.12;67.54;BRL;
;;;Total Under 1st team(5.5)Corners = 1.72;Favbet;;39.27;67.54;BRL;
;;;;;;;;;
50;06/03/2024 18:39;FC Copenhagen - Manchester City Football. Europe. UEFA Champions League 2024-03-06 20:00;Total Over(17.5)Fouls = 2.43;Favbet;;8.38;20.36;BRL;
;;;Total Under(17.5)Fouls = 1.95;Vbet;;10.44;20.36;BRL;
;;;;;;;;;
51;06/03/2024 18:38;FC Copenhagen - Manchester City Football. Europe. UEFA Champions League 2024-03-06 20:00;Total Over 2nd team(8.5)Shots on target = 2.13;Vbet;;4.39;9.35;BRL;
;;;Total Under 2nd team(8.5)Shots on target = 2.2;Favbet;;4.25;9.35;BRL;
;;;;;;;;;
52;06/03/2024 09:32;Nazilli Belediyespor - Zonguldak Komurspor Football. Turkey. TFF 2. League 2024-03-06 11:00;3-way: 2nd team win = 1.71;Favbet;;14.06;24.04;BRL;
;;;LAY 3-way: 2nd team win = 2.833;Betfair Ex;;8.49;24.05;BRL;
;;;;;;;;;
53;06/03/2024 09:29;Al Amal Women - Jeddah Club Women Football. Saudi Arabia First Division Women 2024-03-07 13:00;3-way: 1st team win = 1.65;Vbet;;11.5;18.97;BRL;
;;;3-way: draw = 6.5;Bet365;;2.92;18.98;BRL;
;;;3-way: 2nd team win = 13;Bet365;;1.46;18.98;Bet365;
;;;;;;;;;
54;06/03/2024 09:28;Al Amal Women - Jeddah Club Women Football. Saudi Arabia First Division Women 2024-03-07 13:00;3-way: 1st team win = 1.65;Vbet;;13.640.000.000.000.000;22.51;BRL;
;;;Double chance: draw or 2nd team win = 4.5;Bet365;;5;22.5;BRL;
;;;;;;;;;
55;06/03/2024 09:18;ND Gorica - NK Jesenice Football. Slovenia. Cup 2024-03-06 13:45;Score both teams = 2.5;BetfairSB;;7.24;18.1;BRL;
;;;Not score both teams = 1.95;Favbet;;9.28;18.1;BRL;
;;;;;;;;;
56;06/03/2024 05:05;NK Siroki Brijeg - FK Velez Mostar Football. Bosnia & Herzegovina. Bosnia & Herzegovina Cup 2024-03-06 12:00;2-way: Handicap/Spread 1st team(0) = 3.34;Pinnacle;;8.44;28.19;BRL;
;;;2-way: Handicap/Spread 2nd team(0) = 1.56;Favbet;;18.08;28.2;BRL;
;;;;;;;;;
57;06/03/2024 03:39;Atalanta - Sporting CP Football. Europe. Europe League 2024-03-06 17:45;Total Over 2nd team(4.5)Shots on target = 2.1;Bet365;;12.209.999.999.999.900;25.64;BRL;
;;;Total Under 2nd team(4.5)Shots on target = 2.11;Favbet;;12.15;25.64;BRL;
;;;;;;;;;
58;06/03/2024 03:37;Getafe - Valencia Football. Spain. La Liga 2024-03-09 13:00;Total Over 2nd team(4.5)Corners = 1.909;Bet365;;11.989.999.999.999.900;22.89;BRL;
;;;Total Under 2nd team(4.5)Corners = 2.44;Favbet;;9.38;22.89;BRL;
;;;;;;;;;
59;05/03/2024 22:13;Getafe - Valencia Football. Spain. La Liga 2024-03-09 13:00;Total Over 2nd team(4.5)Corners = 1.909;Bet365;;11.989.999.999.999.900;22.89;BRL;
;;;Total Under 2nd team(4.5)Corners = 2.44;Favbet;;9.38;22.89;BRL;
;;;;;;;;;
60;05/03/2024 18:32;1.FC Heidenheim 1846 - Augsburg Football. Germany. Bundesliga 2024-03-09 14:30;2-way: Handicap/Spread 1st team(0.5)Corners = 2.27;Vbet;;15.62;35.46;BRL;
;;;2-way: Handicap/Spread 2nd team(-0.5)Corners = 1.975;Bet365;;17.95;35.45;BRL;
;;;;;;;;;
61;05/03/2024 18:05;Fleetwood Town U21 - Hull City U21 Football. England. Professional Development League 2024-03-05 19:00;2-way: Handicap/Spread 1st team(0) = 1.943;Pinnacle;;11;21.37;BRL;
;;;2-way: Handicap/Spread 2nd team(0) = 2.41;Favbet;;7.980.000.000.000.000;19.23;BRL;
;;;;;;;;;
62;05/03/2024 08:23;Paris Saint-Germain - Real Sociedad Football. Europe. UEFA Champions League 2024-03-05 20:00;Total Over (3-way) 1st team(11)Shots = 1.91;BetfairSB;;17.96;34.3;BRL;
;;;Total Under 1st team(11.5)Shots = 2.44;Favbet;;14.06;34.31;BRL;
;;;;;;;;;
63;05/03/2024 08:22;Paris Saint-Germain - Real Sociedad Football. Europe. UEFA Champions League 2024-03-05 20:00;Total Over (3-way) 1st team(12)Shots = 2.4;BetfairSB;;17.41;41.78;BRL;
;;;Total Under 1st team(12.5)Shots = 1.94;Favbet;;21.539.999.999.999.900;41.79;BRL;
;;;;;;;;;
64;05/03/2024 07:19;Bristol City - Ipswich Town Football. England. Championship 2024-03-05 20:00;Total Over (3-way) 2nd team(6)Shots on target = 3.2;BetfairSB;;7.869.999.999.999.990;25.18;BRL;
;;;Total Under 2nd team(6.5)Shots on target = 1.666;Bet365;;15.12;25.19;BRL;
;;;;;;;;;
65;05/03/2024 05:50;Blackburn Rovers - Millwall Football. England. Championship 2024-03-05 19:45;Total Over(10)Corners = 1.975;Bet365;;39.09;77.2;BRL;
;;;Total Under(10.5)Corners = 2.2;BetfairSB;;17.32;38.1;BRL;
;;;Total Under(9.5)Corners = 3;BetfairSB;;13.03;39.09;BetfairSB;
;;;;;;;;;
66;04/03/2024 22:56;FC Copenhagen - Manchester City Football. Europe. UEFA Champions League 2024-03-06 20:00;Total Over 2nd team(6.5)Corners = 1.88;SportyBet;;42.83;80.52;BRL;
;;;Total Under 2nd team(6.5)Corners = 2.42;Favbet;;33.27;80.51;BRL;
;;;;;;;;;
67;04/03/2024 22:55;Birmingham City - Hull City Football. England. Championship 2024-03-05 19:45;Total Over(5)Cards = 2.31;Favbet;;15.55;35.92;BRL;
;;;Total Under(5)Cards = 1.95;Bet365;;18.42;35.92;BRL;
;;;;;;;;;
68;04/03/2024 22:53;Annan Athletic FC - Queen Of The South Football. Scotland. League One 2024-03-09 15:00;Total Over(1)2 period = 1.51;Vbet;;24.3;36.69;BRL;
;;;Total Under(1)2 period = 3.9;SportyBet;;9.41;36.7;BRL;
;;;;;;;;;
69;04/03/2024 20:27;Coventry City - Rotherham United Football. England. Championship 2024-03-05 19:45;Total Over 1st team(3)Corners 1 period = 2.1;Favbet;;10.23;21.48;BRL;
;;;Total Under 1st team(3)Corners 1 period = 2.37;Vbet;;9.06;21.47;BRL;
;;;;;;;;;
70;04/03/2024 20:26;Coventry City - Rotherham United Football. England. Championship 2024-03-05 19:45;3-way: 1st team winCorners = 1.46;Favbet;;20.57;30.03;BRL;
;;;Double chance: draw or 2nd team winCorners = 5.7;Vbet;;5.27;30.04;BRL;
;;;;;;;;;
71;04/03/2024 20:26;Coventry City - Rotherham United Football. England. Championship 2024-03-05 19:45;Total Over 2nd team(4.5)Corners = 4;BetfairSB;;4.34;17.36;BRL;
;;;Total Under 2nd team(4.5)Corners = 1.84;Favbet;;9.43;17.35;BRL;
;;;;;;;;;
72;04/03/2024 18:46;Cucuta Deportivo - Club Union Magdalena Football. Colombia. Primera B 2024-03-04 21:00;3-way: 1st team win1 period = 2.15;SportyBet;;7;15.05;BRL;
;;;LAY 3-way: 1st team win1 period = 2.317;Betfair Ex;;6.5;15.06;BRL;
;;;;;;;;;
73;04/03/2024 18:43;FC Copenhagen - Manchester City Football. Europe. UEFA Champions League 2024-03-06 20:00;Total Over (3-way) 2nd team(9)Shots on target = 3.3;BetfairSB;;7.530.000.000.000.000;24.85;BRL;
;;;Total Under 2nd team(9.5)Shots on target = 1.7;Favbet;;14.619.999.999.999.900;24.85;BRL;
;;;;;;;;;
74;04/03/2024 18:42;FC Copenhagen - Manchester City Football. Europe. UEFA Champions League 2024-03-06 20:00;Total Over (3-way) 2nd team(8)Shots on target = 2.4;BetfairSB;;11.550.000.000.000.000;27.72;BRL;
;;;Total Under 2nd team(8.5)Shots on target = 1.95;Favbet;;14.21;27.71;BRL;
;;;;;;;;;
75;04/03/2024 18:27;Lorenskog IK - Storhamar Dragons Hockey. Norway. Fjordkraftligaen 2024-03-07 17:30;Total Over 1st team(0.5) = 1.68;1win;;20;33.6;BRL;
;;;Total Under 1st team(0.5) = 3.25;Vbet;;10.34;33.61;BRL;
;;;;;;;;;
76;04/03/2024 17:19;Alloa Athletic FC - Kelty Hearts FC Football. Scotland. League One 2024-03-09 15:00;Total Over(1)2 period = 1.52;Vbet;;23.819.999.999.999.900;36.21;BRL;
;;;Total Under(1)2 period = 3.6;SportyBet;;10.06;36.22;BRL;
;;;;;;;;;
77;04/03/2024 17:11;Arsenal - Sheffield United Football. England - Premier League 2024-03-04 20:00;Total Over 1st team(19.5)Shots = 2.1;Favbet;;18.41;38.66;BRL;
;;;Total Under 1st team(19.5)Shots = 2.15;Vbet;;17.98;38.66;BRL;
;;;;;;;;;
78;04/03/2024 15:04;Cucuta Deportivo - Club Union Magdalena Football. Colombia. Primera B 2024-03-04 21:00;Total Over(1.5)1 period = 2.44;Favbet;;14.06;34.31;BRL;
;;;LAY Total Over(1.5)1 period = 1.944;Betfair Ex;;17.65;34.31;BRL;
;;;;;;;;;
79;04/03/2024 14:12;Gerard Campana Lee - Mariano Kestelboim Tennis. ATP Challenger Clasificación. ATP Challenger Santa Cruz - Clasificación 2024-03-04 15:00;Draw No Bet: 1st team win = 1.781;Betfair Ex;;27.840.000.000.000.000;49.58;BRL;
;;;Draw No Bet: 2nd team win = 2.58;Favbet;;19.22;49.59;BRL;
;;;;;;;;;
80;04/03/2024 13:44;Elitzur Ramla (Wom) - Ramat Hasharon (Wom) Basketball. Israel. State Cup - Women 2024-03-04 15:00;Total Over(142.5) = 2.05;Vbet;;23.59;48.36;BRL;
;;;Total Under(143) = 2.13;Pinnacle;;22.7;48.35;BRL;
;;;;;;;;;
81;04/03/2024 11:58;Cucuta Deportivo - Club Union Magdalena Football. Colombia. Primera B 2024-03-04 21:00;Total Over(1.5)1 period = 3.1;BetfairSB;;9.09;28.18;BRL;
;;;LAY Total Over(1.5)1 period = 1.792;Betfair Ex;;15.719.999.999.999.900;28.17;BRL;
;;;;;;;;;
82;04/03/2024 11:54;Arsenal - Sheffield United Football. England - Premier League 2024-03-04 20:00;Total Over 2nd team(7.5)Shots = 2.1;Bet365;;15.91;33.41;BRL;
;;;Total Under 2nd team(7.5)Shots = 2.39;Favbet;;13.98;33.41;BRL;
;;;;;;;;;
83;04/03/2024 11:44;GNK Dinamo Zagreb - Slaven Belupo Football. Croatia. HNL 2024-03-10 16:30;Total Over 2nd team(0.5) = 2.98;Favbet;;17.05;50.81;BRL;
;;;Total Under 2nd team(0.5) = 1.7;SportyBet;;29.89;50.81;BRL;
;;;;;;;;;
84;04/03/2024 11:43;GNK Dinamo Zagreb - Slaven Belupo Football. Croatia. HNL 2024-03-10 16:30;Total Over(3) = 2.7;Favbet;;19.85;53.6;BRL;
;;;Total Under(3) = 1.82;SportyBet;;29.449.999.999.999.900;53.6;BRL;
;;;;;;;;;
85;04/03/2024 09:11;GNK Dinamo Zagreb - Slaven Belupo Football. Croatia. HNL 2024-03-10 16:30;Total Over 2nd team(0.5) = 2.98;Favbet;;17.05;50.81;BRL;
;;;Total Under 2nd team(0.5) = 1.7;SportyBet;;30;51.0;BRL;
;;;;;;;;;
86;04/03/2024 09:08;GNK Dinamo Zagreb - Slaven Belupo Football. Croatia. HNL 2024-03-10 16:30;Total Over(3) = 2.7;Favbet;;19.85;53.6;BRL;
;;;Total Under(3) = 1.82;SportyBet;;29.449.999.999.999.900;53.6;BRL;
;;;;;;;;;
87;04/03/2024 08:53;Paris Saint-Germain - Real Sociedad Football. Europe. UEFA Champions League 2024-03-05 20:00;2-way: Handicap/Spread 1st team(1.5)Corners = 2.09;Pinnacle;;42.61;89.05;BRL;
;;;2-way: Handicap/Spread 2nd team(-1.5)Corners = 2.13;Favbet;;41.81;89.06;BRL;
;;;;;;;;;
88;04/03/2024 08:50;Bayern Munich - Lazio Football. Europe. UEFA Champions League 2024-03-05 20:00;2-way: Handicap/Spread 1st team(-4)Corners = 2.07;Favbet;;4.415.999.999.999.990;91.41;BRL;
;;;2-way: Handicap/Spread 2nd team(4)Corners = 2.13;Pinnacle;;42.92;91.42;BRL;
;;;;;;;;;
89;04/03/2024 08:45;Genoa - Inter Milan Football. Italy. Serie A 2024-03-04 19:45;Total Over 1st team(7.5)Shots = 2;Bet365;;17.5;35.0;BRL;
;;;Total Under 1st team(7.5)Shots = 2.19;Favbet;;15.98;35.0;BRL;
;;;;;;;;;
90;04/03/2024 08:44;Arsenal - Sheffield United Football. England - Premier League 2024-03-04 20:00;Total Over 2nd team(7.5)Shots = 1.909;Bet365;;18.24;34.82;BRL;
;;;Total Under 2nd team(7.5)Shots = 2.39;Favbet;;14.57;34.82;BRL;
;;;;;;;;;
91;04/03/2024 08:43;Doma United - Sporting Lagos Football. Nigeria. Premier League 2024-03-04 15:00;Total Over(2) = 2;Bet365;;9.05;18.1;BRL;
;;;Total Under(2) = 2.27;Favbet;;7.97;18.09;BRL;
;;;;;;;;;
92;04/03/2024 08:42;Italy - Scotland Rugby. Rugby Union. Six Nations 2024-03-09 14:15;2-way: Handicap/Spread 1st team(16.5) = 1.56;Vbet;;13.120.000.000.000.000;20.47;BRL;
;;;3-way: European Handicap/Spread 2nd team(-16) = 3.4;BetfairSB;;6.02;20.47;BRL;
;;;;;;;;;
93;03/03/2024 08:27;EC Bahia - EC Jacuipense BA Football. Brazil. Campeonato Baiano 1.Division 2024-03-03 19:00;Score both teams = 2.41;SportyBet;;13.53;32.61;BRL;
;;;Not score both teams = 1.8;BetfairSB;;18.12;32.62;BRL;
;;;;;;;;;
94;03/03/2024 08:24;FC Dila Gori - FC Gagra Football. Georgia. Erovnuli Liga 2024-03-03 14:00;Total Over 2nd team(1) = 3.4;Favbet;;4.22;14.35;BRL;
;;;Total Under 2nd team(1) = 1.5;Vbet;;9.57;14.36;BRL;
;;;;;;;;;
95;03/03/2024 08:23;Girona FC - Mallorca Football. Spain. La Liga 2024-03-03 17:30;Total Over (3-way) 1st team(4)Shots on target = 2.25;BetfairSB;;17.82;40.1;BRL;
;;;Total Under 1st team(4.5)Shots on target = 2.02;Favbet;;19.85;40.1;BRL;
;;;;;;;;;
96;03/03/2024 08:21;Italy - Scotland Rugby. Rugby Union. Six Nations 2024-03-09 14:15;2-way: Handicap/Spread 1st team(16.5) = 1.56;Vbet;;13.12;20.47;BRL;
;;;3-way: European Handicap/Spread 2nd team(-16) = 3.4;BetfairSB;;6.02;20.47;BRL;
;;;;;;;;;
97;03/03/2024 08:20;Ararat Armenia - FC Van Yerevan Football. Armenian Premier League 2024-03-03 11:00;Total Over 1st team(1.5) = 1.53;Vbet;;10.35;15.84;BRL;
;;;Total Under 1st team(1.5) = 3.7;BetfairSB;;4.28;15.84;BRL;
;;;;;;;;;
98;03/03/2024 08:17;Always Ready - Club Nacional Montevideo Football. South America. Copa Libertadores 2024-03-08 00:30;To qualify 1st team = 2.05;Vbet;;23.32;47.81;BRL;
;;;To qualify 2nd team = 3.4;Favbet;;14.06;47.8;BRL;
;;;;;;;;;
99;01/03/2024 08:08;Institute FC - Linfield FC Football. Northern Ireland. Irish Cup 2024-03-03 13:00;Clean sheet 2nd team = 1.74;SportyBet;;65;113.1;BRL;
;;;Total Over 1st team(0.5) = 2.75;Bet365;;40;110.0;BRL;
;;;;;;;;;
100;01/03/2024 08:07;Institute FC - Linfield FC Football. Northern Ireland. Irish Cup 2024-03-03 13:00;Score both teams = 3;Bet365;;19.25;57.75;BRL;
;;;Not score both teams = 1.69;SportyBet;;34.17;57.75;BRL;
;;;;;;;;;
101;01/03/2024 08:06;Larne FC - Newington FC Football. Northern Ireland. Irish Cup 2024-03-02 15:00;Score both teams2 period = 7;Bet365;;5.83;40.81;BRL;
;;;Not score both teams2 period = 1.25;SportyBet;;33;41.25;BRL;
;;;;;;;;;
102;01/03/2024 08:03;Larne FC - Newington FC Football. Northern Ireland. Irish Cup 2024-03-02 15:00;Clean sheet 1st team1 period = 1.21;SportyBet;;34;41.14;BRL;
;;;Score 2nd team Yes1 period = 8;Bet365;;5;40.0;BRL;
;;;;;;;;;
103;01/03/2024 07:58;Larne FC - Newington FC Football. Northern Ireland. Irish Cup 2024-03-02 15:00;Clean sheet 1st team = 1.62;SportyBet;;6.000.000.000.000.000;97.2;BRL;
;;;Total Over 2nd team(0.5) = 3.75;Bet365;;25.450.000.000.000.000;95.44;BRL;
;;;;;;;;;
104;01/03/2024 07:55;Institute FC - Linfield FC Football. Northern Ireland. Irish Cup 2024-03-03 13:00;Score both teams = 3;Bet365;;15.75;47.25;BRL;
;;;Not score both teams = 1.75;Favbet;;26.999.999.999.999.900;47.25;BRL;
;;;;;;;;;
105;01/03/2024 07:19;LNZ Cherkasy - FC Polissya Football. Ukraine. Premier League 2024-03-01 16:00;Total Over 2nd team(5)Corners = 1.77;Vbet;;41.03;72.62;BRL;
;;;Total Under 2nd team(5)Corners = 2.63;Favbet;;27.610.000.000.000.000;72.61;BRL;
;;;;;;;;;
106;01/03/2024 07:17;Aubriot A - Malige M Tennis. Tennis. Men. Futures. France 2024-03-01 14:30;2-way: Handicap/Spread 1st team(1.5) = 1.96;Vbet;;13.95;27.34;BRL;
;;;2-way: Handicap/Spread 2nd team(-1.5) = 2.25;Favbet;;12.15;27.34;BRL;
;;;;;;;;;
107;01/03/2024 07:15;Red Deer Rebels - Swift Current Broncos Hockey. Canada. WHL 2024-03-02 02:00;3-way: 1st team win = 1.813;Pinnacle;;18.92;34.3;BRL;
;;;3-way: draw = 5.3;Vbet;;2.3;12.19;BRL;
;;;2-way: Handicap/Spread 2nd team(0.25) = 3.45;Vbet;;9.94;34.29;Vbet;
;;;;;;;;;
108;01/03/2024 07:04;Chornomorets Odesa - FC Dynamo Kyiv Football. Ukraine. Premier League 2024-03-02 13:30;2-way: Handicap/Spread 1st team(4.5)Corners = 1.96;Favbet;;46.88;91.88;BRL;
;;;2-way: Handicap/Spread 2nd team(-4.5)Corners = 2.37;Pinnacle;;38.77;91.88;BRL;
;;;;;;;;;
109;01/03/2024 07:02;AC Monza Brianza 1912 - AS Roma Football. Italy. Serie A 2024-03-02 17:00;Total Over(4.5)Cards = 1.84;Bet365;;43.51;80.06;BRL;
;;;Total Under(4.5)Cards = 2.44;Favbet;;32.81;80.06;BRL;
;;;;;;;;;
110;01/03/2024 06:53;Salernitana - Udinese Football. Italy. Serie A 2024-03-02 14:00;Total Over(4)Cards = 1.8;Bet365;;21.88;39.38;BRL;
;;;Total Under(4)Cards = 2.58;Favbet;;15.27;39.4;BRL;
;;;;;;;;;
111;01/03/2024 06:49;Red Deer Rebels - Swift Current Broncos Hockey. Canada. WHL 2024-03-02 02:00;3-way: 1st team win = 1.574;Pinnacle;;19.29;30.36;BRL;
;;;3-way: draw = 8.19;Pinnacle;;3.71;30.38;BRL;
;;;3-way: 2nd team win = 5.5;Vbet;;5.52;30.36;Vbet;
;;;;;;;;;
112;01/03/2024 06:47;Chornomorets Odesa - FC Dynamo Kyiv Football. Ukraine. Premier League 2024-03-02 13:30;Total Over 2nd team(3.5)Corners 2 period = 2.08;Vbet;;19.83;41.25;BRL;
;;;Total Under 2nd team(3.5)Corners 2 period = 2.2;Favbet;;18.75;41.25;BRL;
;;;;;;;;;
113;01/03/2024 06:46;Chornomorets Odesa - FC Dynamo Kyiv Football. Ukraine. Premier League 2024-03-02 13:30;Total Over 2nd team(7)Corners = 2.12;Vbet;;36.49;77.36;BRL;
;;;Total Under 2nd team(7)Corners = 2.39;Favbet;;32.37;77.36;BRL;
;;;;;;;;;
114;01/03/2024 06:25;Bayern Munich - KK Crvena Zvezda Basketball. Europe. Euroleague 2024-03-01 19:30;Total Over 2nd team(76.5) = 1.9;Pinnacle;;9.299.999.999.999.990;176.7;BRL;
;;;Total Under 2nd team(76.5) = 2.35;SportyBet;;75;176.25;BRL;
;;;;;;;;;
115;01/03/2024 06:22;Salernitana - Udinese Football. Italy. Serie A 2024-03-02 14:00;Total Over(4.5)Cards = 2.1;SportyBet;;15.000.000.000.000.000;31.5;BRL;
;;;Total Under(4.5)Cards = 2.18;Favbet;;14.450.000.000.000.000;31.5;BRL;
;;;;;;;;;
116;01/03/2024 06:21;Salernitana - Udinese Football. Italy. Serie A 2024-03-02 14:00;Total Over(4.5)Cards = 2.1;Bet365;;8.07;16.95;BRL;
;;;Total Under(4.5)Cards = 2.18;Favbet;;7.77;16.94;BRL;
;;;;;;;;;
117;01/03/2024 05:47;FC Lorient - Stade Rennes Football. France Ligue 1 2024-03-03 16:05;Total Over 1st team(2.5)Corners = 1.666;Bet365;;25.17;41.93;BRL;
;;;Total Under 1st team(2.5)Corners = 2.81;Favbet;;14.92;41.93;BRL;
;;;;;;;;;
118;01/03/2024 05:46;Lazio - AC Milan Football. Italy. Serie A 2024-03-01 19:45;Total Over (3-way)(8)Shots on target = 2.1;BetfairSB;;12.100.000.000.000.000;25.41;BRL;
;;;Total Under(8.5)Shots on target = 2.13;Favbet;;11.9;25.35;BRL;
;;;;;;;;;
119;01/03/2024 05:46;Lazio - AC Milan Football. Italy. Serie A 2024-03-01 19:45;Total Over(24.5)Shots = 2;Bet365;;12.24;24.48;BRL;
;;;Total Under(24.5)Shots = 2.23;Favbet;;10.98;24.49;BRL;
;;;;;;;;;
120;29/02/2024 21:47;AC Monza Brianza 1912 - AS Roma Football. Italy. Serie A 2024-03-02 17:00;Total Over 1st team(2.5)Cards = 2.2;Bet365;;29.170.000.000.000.000;64.17;BRL;
;;;Total Under 1st team(2.5)Cards = 2.03;Favbet;;31.61;64.17;BRL;
;;;;;;;;;
121;29/02/2024 21:41;EC Sao Luiz RS - FC Santa Cruz RS Football. Brazil. Campeonato Gaucho 2024-03-02 19:30;3-way: 1st team win = 1.63;Favbet;;22.39;36.5;BRL;
;;;3-way: draw = 6.6;Vbet;;5.499.999.999.999.990;36.3;BRL;
;;;3-way: 2nd team win = 10;BetfairSB;;36.499.999.999.999.900;36.5;BetfairSB;
;;;;;;;;;
122;29/02/2024 21:40;Salernitana - Udinese Football. Italy. Serie A 2024-03-02 14:00;Total Over(4.5)Cards = 2.1;Bet365;;23.75;49.88;BRL;
;;;Total Under(4.5)Cards = 2.18;Favbet;;22.88;49.88;BRL;
;;;;;;;;;
123;29/02/2024 18:10;New South Wales Blues - South Australia Redbacks Cricket. Australia. Sheffield Shield 2024-02-29 23:30;Draw No Bet: 1st team win = 1.75;Favbet;;36.05;63.09;BRL;
;;;Draw No Bet: 2nd team win = 2.7;Vbet;;23.370.000.000.000.000;63.1;BRL;
;;;;;;;;;
124;29/02/2024 18:09;New South Wales Blues - South Australia Redbacks Cricket. Australia. Sheffield Shield 2024-02-29 23:30;Draw No Bet: 1st team win = 1.75;Favbet;;31.43;55.0;BRL;
;;;Draw No Bet: 2nd team win = 2.75;Bet365;;20;55.0;BRL;
;;;;;;;;;
125;29/02/2024 18:08;AC Monza Brianza 1912 - AS Roma Football. Italy. Serie A 2024-03-02 17:00;Total Over(5)Cards = 2.05;Bet365;;16.67;34.17;BRL;
;;;Total Under(5)Cards = 2.17;Favbet;;15.75;34.18;BRL;
;;;;;;;;;
126;29/02/2024 18:06;Benfica - Sporting Lisbon Football. Portugal Cup 2024-02-29 20:45;To qualify 1st team = 2.28;Favbet;;22.610.000.000.000.000;51.55;BRL;
;;;To qualify 2nd team = 1.93;Vbet;;26.71;51.55;BRL;
;;;;;;;;;
127;29/02/2024 12:32;IK Start U19 - Viking FK U19 Football. Norway. U19 Championship 2024-02-29 13:00;2-way: Handicap/Spread 1st team(1.5) = 1.68;Pinnacle;;37.500.000.000.000.000;6.3;BRL;
;;;3-way: European Handicap/Spread 2nd team(-1) = 3.2;BetfairSB;;1.97;6.3;BRL;
;;;;;;;;;
128;29/02/2024 12:22;Koepfer Dominik - Rune Holger Tennis. ATP ATP Acapulco Mexico Men Singles 2024-03-01 01:20;Total Over 1st team(2.5)Double faults = 2.1;Vbet;;10.01;21.02;BRL;
;;;Total Under 1st team(2.5)Double faults = 2.15;Favbet;;9.78;21.03;BRL;
;;;;;;;;;
129;29/02/2024 11:05;Flint Firebirds - Windsor Spitfires Hockey. Canada. OHL 2024-03-01 00:05;2-way: Handicap/Spread 1st team(0.25) = 3.15;Vbet;;5.78;18.21;BRL;
;;;3-way: draw = 5.6;Vbet;;1.11;6.22;BRL;
;;;3-way: 2nd team win = 1.787;Pinnacle;;10.19;18.21;Pinnacle;
;;;;;;;;;
130;29/02/2024 10:34;Гуменне - Погронье Football. Словакия. 2-я Лига 2024-03-01 16:00;Total Over(2.75) = 2.18;Pinnacle;;16.06;35.01;BRL;
;;;Total Under(2.75) = 2;Bet365;;17.5;35.0;BRL;
;;;;;;;;;
131;29/02/2024 10:32;Detroit Red Wings - New York Islanders Hockey. North America. NHL 2024-03-01 00:00;3-way: 1st team winShots on target = 2.64;Favbet;;1.71;4.51;BRL;
;;;2-way: Handicap/Spread 2nd team(1.5)Shots on target = 1.83;Vbet;;2.47;4.52;BRL;
;;;;;;;;;
132;29/02/2024 06:39;Athletic Bilbao - Atletico Madrid Football. Spain. Copa del Rey 2024-02-29 20:30;Total Over(5.5)Cards = 2.42;Favbet;;4.02;9.73;BRL;
;;;Total Under(5.5)Cards = 2.08;Pinnacle;;4.68;9.73;BRL;
;;;;;;;;;
133;29/02/2024 06:31;Athletic Bilbao - Atletico Madrid Football. Spain. Copa del Rey 2024-02-29 20:30;Total Over(5.5)Cards = 2.42;Favbet;;16.64;40.27;BRL;
;;;Total Under(5.5)Cards = 1.943;Pinnacle;;20.73;40.28;BRL;
;;;;;;;;;
134;29/02/2024 06:17;Athletic Bilbao - Atletico Madrid Football. Spain. Copa del Rey 2024-02-29 20:30;Total Over(5.5)Cards = 2.31;Favbet;;18.03;41.65;BRL;
;;;Total Under(5.5)Cards = 1.892;Pinnacle;;22.010.000.000.000.000;41.64;BRL;
;;;;;;;;;
135;29/02/2024 06:10;Athletic Bilbao - Atletico Madrid Football. Spain. Copa del Rey 2024-02-29 20:30;Total Over(4.5)Cards = 1.5;Favbet;;30.4;45.6;BRL;
;;;Total Under(4.5)Cards = 3.8;SportyBet;;11.999.999.999.999.900;45.6;BRL;
;;;;;;;;;
136;29/02/2024 06:08;Athletic Bilbao - Atletico Madrid Football. Spain. Copa del Rey 2024-02-29 20:30;Total Over(5.5)Cards = 2.31;Favbet;;17.66;40.79;BRL;
;;;Total Under(5.5)Cards = 2.4;SportyBet;;17;40.8;BRL;
;;;;;;;;;
137;29/02/2024 05:02;Canada - Scotland Cricket. ICC Cricket World Cup League 2 2024-03-01 06:00;3-way: 1st team winSixes = 4.75;Bet365;;5.13;24.37;BRL;
;;;3-way: drawSixes = 6.5;Bet365;;3.75;24.38;BRL;
;;;3-way: 2nd team winSixes = 1.71;Favbet;;14.259.999.999.999.900;24.38;Favbet;
;;;;;;;;;
138;29/02/2024 04:59;Athletic Bilbao - Atletico Madrid Football. Spain. Copa del Rey 2024-02-29 20:30;Total Under(6)Cards = 2;Bet365;;17.5;35.0;BRL;
;;;Total Over(5.5)Cards = 2.32;Favbet;;7.54;17.49;BRL;
;;;Total Over(6.5)Cards = 2.7;SportyBet;;6.48;17.5;SportyBet;
;;;;;;;;;
139;29/02/2024 04:56;Israel - Ukraine Handball. Europe. European Championship. Women. Qualification 2024-02-29 19:30;2-way: Handicap/Spread 1st team(10.5) = 1.95;Bet365;;6.08;11.86;BRL;
;;;2-way: Handicap/Spread 2nd team(-10.5) = 2.32;Favbet;;5.11;11.86;BRL;
;;;;;;;;;
140;28/02/2024 21:36;FK Jablonec B - FK Usti nad Labem Football. Czech Republic. 3.Liga 2024-03-01 17:00;Draw No Bet: 1st team win = 3.1;SportyBet;;19.84;61.5;BRL;
;;;Draw No Bet: 2nd team win = 1.67;Vbet;;36.82;61.49;BRL;
;;;;;;;;;
141;28/02/2024 21:36;FK Jablonec B - FK Usti nad Labem Football. Czech Republic. 3.Liga 2024-03-01 17:00;Draw No Bet: 1st team win = 3.1;SportyBet;;19.84;61.5;BRL;
;;;2-way: Handicap/Spread 2nd team(0) = 1.67;Vbet;;36.82;61.49;BRL;
;;;;;;;;;
142;28/02/2024 17:17;Brighton and Hove Albion - Wolverhampton Wanderers Football. England. FA Cup 2024-02-28 19:45;Total Over (3-way) 1st team(16)Shots = 3.5;BetfairSB;;12.519.999.999.999.900;43.82;BRL;
;;;Total Under 1st team(16.5)Shots = 1.51;Vbet;;29.02;43.82;BRL;
;;;;;;;;;
143;28/02/2024 13:12;Chelsea FC - Leeds United Football. England. FA Cup 2024-02-28 19:30;Total Over (3-way) 1st team(16)Shots = 2.1;BetfairSB;;13.29;27.91;BRL;
;;;Total Under 1st team(16.5)Shots = 2.13;Vbet;;13.099.999.999.999.900;27.9;BRL;
;;;;;;;;;
144;28/02/2024 13:12;Chelsea FC - Leeds United Football. England. FA Cup 2024-02-28 19:30;Total Over (3-way) 1st team(17)Shots = 2.5;BetfairSB;;12.5;31.25;BRL;
;;;Total Under 1st team(17.5)Shots = 1.9;Vbet;;16.45;31.25;BRL;
;;;;;;;;;
145;28/02/2024 13:11;Chelsea FC - Leeds United Football. England. FA Cup 2024-02-28 19:30;Total Over (3-way) 1st team(19)Shots = 3.75;BetfairSB;;11;41.25;BRL;
;;;Total Under 1st team(19.5)Shots = 1.56;Vbet;;26.430.000.000.000.000;41.23;BRL;
;;;;;;;;;
146;28/02/2024 12:08;Liverpool FC - Southampton FC Football. England. FA Cup 2024-02-28 20:00;Total Over (3-way) 1st team(20)Shots = 2.6;BetfairSB;;12.23;31.8;BRL;
;;;Total Under 1st team(20.5)Shots = 1.87;Vbet;;17.01;31.81;BRL;
;;;;;;;;;
147;28/02/2024 12:07;Liverpool FC - Southampton FC Football. England. FA Cup 2024-02-28 20:00;Total Over (3-way) 1st team(21)Shots = 3.1;BetfairSB;;11.6;35.96;BRL;
;;;Total Under 1st team(21.5)Shots = 1.7;Vbet;;21.15;35.96;BRL;
;;;;;;;;;
148;28/02/2024 12:06;Liverpool FC - Southampton FC Football. England. FA Cup 2024-02-28 20:00;Total Over (3-way) 1st team(22)Shots = 3.75;BetfairSB;;10.990.000.000.000.000;41.21;BRL;
;;;Total Under 1st team(22.5)Shots = 1.56;Vbet;;26.430.000.000.000.000;41.23;BRL;
;;;;;;;;;
149;28/02/2024 11:22;Chelsea FC - Leeds United Football. England. FA Cup 2024-02-28 19:30;Total Over (3-way) 1st team(18)Shots = 3.1;BetfairSB;;5.25;16.28;BRL;
;;;Total Under 1st team(18.5)Shots = 1.71;Favbet;;9.51;16.26;BRL;
;;;;;;;;;
150;28/02/2024 11:21;Chelsea FC - Leeds United Football. England. FA Cup 2024-02-28 19:30;Total Over (3-way) 1st team(17)Shots = 2.5;BetfairSB;;5.22;13.05;BRL;
;;;Total Under 1st team(17.5)Shots = 2.07;Favbet;;6.31;13.06;BRL;
;;;;;;;;;
151;28/02/2024 11:12;Brusque FC - Gremio Atletico Sampaio Football. Brazil. Copa do Brasil 2024-02-28 23:30;To qualify 1st team = 1.31;Favbet;;18.15;23.78;BRL;
;;;To qualify 2nd team = 5.7;Vbet;;4.17;23.77;BRL;
;;;;;;;;;
152;28/02/2024 11:09;Abass Baraou - Sam Eggington Boxing. Boxing. Upcoming Fights 2024-03-01 22:00;Draw No Bet: 1st team win = 1.52;GGbet;;47.46;72.14;BRL;
;;;Draw No Bet: 2nd team win = 3.4;Pinnacle;;21.22;72.15;BRL;
;;;;;;;;;
153;28/02/2024 08:12;Chelsea FC - Leeds United Football. England. FA Cup 2024-02-28 19:30;Total Over(4.5)Cards = 2.72;Favbet;;13.74;37.37;BRL;
;;;Total Under(4.5)Cards = 1.8;Bet365;;20.76;37.37;BRL;
;;;;;;;;;
154;28/02/2024 08:12;Chelsea FC - Leeds United Football. England. FA Cup 2024-02-28 19:30;Total Over (3-way) 1st team(18)Shots = 3.1;BetfairSB;;5.25;16.28;BRL;
;;;Total Under 1st team(18.5)Shots = 1.71;Favbet;;9.51;16.26;BRL;
;;;;;;;;;
155;28/02/2024 08:11;Chelsea FC - Leeds United Football. England. FA Cup 2024-02-28 19:30;Total Over (3-way) 1st team(17)Shots = 2.5;BetfairSB;;5.22;13.05;BRL;
;;;Total Under 1st team(17.5)Shots = 2.07;Favbet;;6.31;13.06;BRL;
;;;;;;;;;
156;28/02/2024 08:09;Canada (Wom) - Costa Rica (Wom) Football. America. CONCACAF Gold Cup - Women 2024-02-28 23:00;3-way: 1st team win1 period = 1.6;BetfairSB;;8.86;14.18;BRL;
;;;Double chance: draw or 2nd team win1 period = 3.5;Favbet;;4.05;14.18;BRL;
;;;;;;;;;
157;28/02/2024 08:05;Olympiacos - Peristeri Basketball. Greece. Men. GBL 2024-03-04 18:15;2-way: Handicap/Spread 1st team(-7.5) = 1.833;Pinnacle;;327.33;600.0;BRL;
;;;2-way: Handicap/Spread 2nd team(7.5) = 3;1win;;200;600.0;BRL;
;;;;;;;;;
158;28/02/2024 07:21;KIF Kolding Kobenhavn - Nordsjaelland Handbold Handball. Denmark. Haandboldligaen 2024-02-29 19:00;3-way: 1st team win = 2.9;Bwin;;5.39;15.63;BRL;
;;;2-way: Handicap/Spread 2nd team(0.5) = 1.694;Pinnacle;;9.5;16.09;BRL;
;;;;;;;;;
159;28/02/2024 05:46;Liverpool FC - Southampton FC Football. England. FA Cup 2024-02-28 20:00;Total Over(4)Cards = 2.26;Favbet;;10.71;24.2;BRL;
;;;Total Under(4)Cards = 1.952;Pinnacle;;12.4;24.2;BRL;
;;;;;;;;;
160;28/02/2024 05:44;Rajasthan United FC - Shillong Lajong FC Football. India. I-League 2024-02-28 13:30;Total Over(1.5)1 period = 2.06;Favbet;;15.569.999.999.999.900;32.07;BRL;
;;;Total Under(1.5)1 period = 2.2;Bet365;;14.58;32.08;BRL;
;;;;;;;;;
161;28/02/2024 05:39;Cr Belouizdad - US Khenchela Football. Algeria. Ligue 1 Reserves 2024-02-29 15:00;Total Over(1.75) = 2.02;Pinnacle;;243.56;491.99;BRL;
;;;Total Under(1.75) = 2.46;1win;;200;492.0;BRL;
;;;;;;;;;
162;27/02/2024 21:07;Al Markhiya SC - Al Wakrah Football. Qatar. Qatar Stars League 2024-02-29 17:00;Double chance: 1st team win or draw = 6;Bet365;;14;84.0;BRL;
;;;3-way: 2nd team win = 1.35;1win;;65;87.75;BRL;
;;;;;;;;;
163;27/02/2024 18:34;FK Decic - OFK Mladost DG Football. Montenegro. First League 2024-02-28 14:00;Total Over(1)1 period = 2.01;Favbet;;10.02;20.14;BRL;
;;;Total Under(1)1 period = 2.25;Pinnacle;;8.95;20.14;BRL;
;;;;;;;;;
164;27/02/2024 18:09;Chelsea FC - Leeds United Football. England. FA Cup 2024-02-28 19:30;Total Over(4.5)Cards = 2.65;Favbet;;8.15;21.6;BRL;
;;;Total Under(4.5)Cards = 1.8;Bet365;;12;21.6;BRL;
;;;;;;;;;
165;27/02/2024 18:07;Blackburn Rovers - Newcastle United Football. England. FA Cup 2024-02-27 19:45;Total Over(4)Cards = 2.59;Favbet;;14.86;38.49;BRL;
;;;Total Under(4)Cards = 1.825;Bet365;;21.09;38.49;BRL;
;;;;;;;;;
166;27/02/2024 17:32;Chelsea FC - Leeds United Football. England. FA Cup 2024-02-28 19:30;Total Over(4.5)Cards = 2.65;Favbet;;8.18;21.68;BRL;
;;;Total Under(4.5)Cards = 1.76;SportyBet;;15;26.4;BRL;
;;;;;;;;;
167;27/02/2024 17:19;Dinamo Zagreb - HNK Gorica Football. Croatia Croatian Cup 2024-02-28 17:00;Total Over (3-way)(4)Corners 1 period = 2.5;Bet365;;9.86;24.65;BRL;
;;;Total Under(4.5)Corners 1 period = 1.84;Favbet;;13.39;24.64;BRL;
;;;;;;;;;
168;27/02/2024 17:18;Dinamo Zagreb - HNK Gorica Football. Croatia Croatian Cup 2024-02-28 17:00;Total Over (3-way)(9)Corners = 2.75;Bet365;;8.79;24.17;BRL;
;;;Total Under(9.5)Corners = 1.87;Favbet;;12.93;24.18;BRL;
;;;;;;;;;
169;27/02/2024 17:04;HNK Rijeka - NK Rudes Football. Croatia. Croatian Cup 2024-02-28 13:00;Total Over (3-way)(9)Corners = 2.625;Bet365;;9.21;24.18;BRL;
;;;Total Under(9.5)Corners = 1.87;Favbet;;12.93;24.18;BRL;
;;;;;;;;;
170;27/02/2024 14:50;Colorado Avalanche - Dallas Stars Hockey. North America. NHL 2024-02-28 02:30;Total Over(7) = 2.65;Vbet;;13.66;36.2;BRL;
;;;Total Under(7) = 1.81;1win;;20;36.2;BRL;
;;;;;;;;;
171;27/02/2024 14:48;Colorado Avalanche - Dallas Stars Hockey. North America. NHL 2024-02-28 02:30;Total Over(6) = 1.81;Vbet;;29.28;53.0;BRL;
;;;Total Under(6) = 2.65;1win;;20;53.0;BRL;
;;;;;;;;;
172;27/02/2024 12:54;FK Arsenal Tivat - FK Mornar Bar Football. Montenegro - Prva Liga 2024-02-28 16:30;Total Over(2) = 2;Pinnacle;;9.35;18.7;BRL;
;;;Total Under(2) = 2.18;Favbet;;8.58;18.7;BRL;
;;;;;;;;;
173;27/02/2024 12:18;Hungary U19(W) - Portugal U19(W) Football. World. Women. Friendlies. U19 2024-02-27 13:00;2-way: Handicap/Spread 1st team(1.5) = 2.36;Pinnacle;;3.89;9.18;BRL;
;;;3-way: European Handicap/Spread 2nd team(-1) = 1.91;BetfairSB;;4.81;9.19;BRL;
;;;;;;;;;
174;27/02/2024 12:17;Brighton and Hove Albion - Wolverhampton Wanderers Football. England. FA Cup 2024-02-28 19:45;Total Under 1st team(5)Corners = 2.11;Favbet;;12.16;25.66;BRL;
;;;Total Over 1st team(4.5)Corners = 1.8;Bet365;;7.5;13.5;BRL;
;;;Total Over 1st team(5.5)Corners = 2.5;BetfairSB;;4.86;12.15;BetfairSB;
;;;;;;;;;
175;27/02/2024 12:13;Brighton and Hove Albion - Wolverhampton Wanderers Football. England. FA Cup 2024-02-28 19:45;Total Over(4.5)Cards = 2.17;Favbet;;11.54;25.04;BRL;
;;;Total Under(4.5)Cards = 2;Bet365;;12.52;25.04;BRL;
;;;;;;;;;
176;27/02/2024 12:10;Bournemouth - Leicester Football. English FA Cup 2024-02-27 19:30;Total Over 2nd team(1)Offsides = 1.7;Vbet;;5.85;9.94;BRL;
;;;Total Under 2nd team(1)Offsides = 3.1;Favbet;;32.099.999.999.999.900;9.95;BRL;
;;;;;;;;;
177;27/02/2024 12:08;Liverpool FC - Southampton FC Football. England. FA Cup 2024-02-28 20:00;Total Over(4)Cards = 2.26;Favbet;;10.71;24.2;BRL;
;;;Total Under(4)Cards = 2;Pinnacle;;12.1;24.2;BRL;
;;;;;;;;;
178;27/02/2024 12:07;Liverpool FC - Southampton FC Football. England. FA Cup 2024-02-28 20:00;Total Over 1st team(1.5)Cards = 2.76;Favbet;;4.79;13.22;BRL;
;;;Total Under 1st team(1.5)Cards = 1.833;Bet365;;7.210.000.000.000.000;13.22;BRL;
;;;;;;;;;
179;27/02/2024 09:33;Deportes Quindio - Club Union Magdalena Football. Colombia. Primera B 2024-02-27 23:10;2-way: Handicap/Spread 1st team(-0.5)1 period = 3.4;Vbet;;10.38;35.29;BRL;
;;;LAY 3-way: 1st team win1 period = 1.525;Betfair Ex;;23.140.000.000.000.000;35.29;BRL;
;;;;;;;;;
180;27/02/2024 09:32;Deportes Quindio - Club Union Magdalena Football. Colombia. Primera B 2024-02-27 23:10;3-way: 1st team win1 period = 3.57;Vbet;;9.69;34.59;BRL;
;;;LAY 3-way: 1st team win1 period = 1.531;Betfair Ex;;22.6;34.6;BRL;
;;;;;;;;;
181;27/02/2024 09:24;Ha Noi - Ninh Binh Volleyball. Game Lines 2024-02-27 10:30;Draw No Bet: 1st team win = 4.33;Bet365;;5.25;22.73;BRL;
;;;Draw No Bet: 2nd team win = 1.38;Favbet;;16.47;22.73;BRL;
;;;;;;;;;
182;27/02/2024 09:20;Deportes Quindio - Club Union Magdalena Football. Colombia. Primera B 2024-02-27 23:10;3-way: 1st team win1 period = 4;BetfairSB;;14.47;57.88;BRL;
;;;LAY 3-way: 1st team win1 period = 1.514;Betfair Ex;;38.23;57.88;BRL;
;;;;;;;;;
183;27/02/2024 08:30;Brazil (Wom) - Panama (Wom) Football. America. CONCACAF Gold Cup - Women 2024-02-28 03:15;3-way: 1st team win1 period = 1.41;Favbet;;24.7;34.83;BRL;
;;;3-way: draw1 period = 6.5;Bet365;;5.8;37.7;BRL;
;;;3-way: 2nd team win1 period = 34;Bet365;;1.06;36.04;Bet365;
;;;;;;;;;
184;27/02/2024 08:21;HNK Hajduk Split - NK Varazdin Football. Croatia. Croatian Cup 2024-02-27 17:00;2-way: Handicap/Spread 1st team(-1.5)Corners = 2.08;Favbet;;10.42;21.67;BRL;
;;;2-way: Handicap/Spread 2nd team(2.5)Corners = 2.23;Pinnacle;;9.72;21.68;BRL;
;;;;;;;;;
185;27/02/2024 08:19;Airwell Energija - HK Kurbads Hockey. Latvia. OHL 2024-02-28 17:30;2-way: Handicap/Spread 1st team(6.5) = 1.68;SportyBet;;35;58.8;BRL;
;;;2-way: Handicap/Spread 2nd team(-6.5) = 3.25;Vbet;;11.07;35.98;BRL;
;;;;;;;;;
186;27/02/2024 08:10;Liverpool FC - Southampton FC Football. England. FA Cup 2024-02-28 20:00;Total Over(4)Cards = 2.26;Favbet;;10.71;24.2;BRL;
;;;Total Under(4)Cards = 2;Bet365;;12.1;24.2;BRL;
;;;;;;;;;
187;27/02/2024 08:10;Liverpool FC - Southampton FC Football. England. FA Cup 2024-02-28 20:00;Total Over 1st team(1.5)Cards = 2.76;Favbet;;4.79;13.22;BRL;
;;;Total Under 1st team(1.5)Cards = 1.833;Bet365;;7.209.999.999.999.990;13.22;BRL;
;;;;;;;;;
188;27/02/2024 08:02;Bournemouth - Leicester Football. English FA Cup 2024-02-27 19:30;Total Over (3-way) 1st team(17)Shots = 2.63;BetfairSB;;58.999.999.999.999.900;15.52;BRL;
;;;Total Under 1st team(17.5)Shots = 1.77;Favbet;;8.77;15.52;BRL;
;;;;;;;;;
189;27/02/2024 08:02;Bournemouth - Leicester Football. English FA Cup 2024-02-27 19:30;Total Over (3-way) 1st team(16)Shots = 2.2;BetfairSB;;5.69;12.52;BRL;
;;;Total Under 1st team(16.5)Shots = 2.17;Favbet;;5.77;12.52;BRL;
;;;;;;;;;
190;27/02/2024 08:00;Croatia Women - Norway Women Football. UEFA Womens Nations League 2024-02-27 17:00;2-way: Handicap/Spread 1st team(0.5)1 period = 5.55;Vbet;;41.11;228.16;BRL;
;;;3-way: 2nd team win1 period = 1.34;BetfairSB;;170.28;228.18;BRL;
;;;;;;;;;
191;27/02/2024 07:58;Латвия(ж) - Словакия(ж) Football. Европа. Лига наций УЕФА. Женщины. Лига B 2024-02-27 17:00;2-way: Handicap/Spread 1st team(0.5)1 period = 4.3;Vbet;;19.57;84.15;BRL;
;;;3-way: 2nd team win1 period = 1.38;BetfairSB;;60.97;84.14;BRL;
;;;;;;;;;
192;27/02/2024 07:55;Латвия(ж) - Словакия(ж) Football. Европа. Лига наций УЕФА. Женщины. Лига B 2024-02-27 17:00;Not score both teams = 2.05;BetfairSB;;22.06;45.22;BRL;
;;;Total Over 1st team(0.5) = 2.58;Pinnacle;;17.53;45.23;BRL;
;;;;;;;;;
193;27/02/2024 07:51;Gremio FB Porto Alegrense - Guarany de Bage RS Football. Brazil. Campeonato Gaucho 2024-03-02 19:30;Total Over(2.5) = 2.25;BetfairSB;;11.58;26.06;BRL;
;;;Total Under(2.5) = 2.08;Favbet;;12.53;26.06;BRL;
;;;;;;;;;
194;26/02/2024 20:07;Kuznetskie Medvedi - Sibirskie Snaipery Hockey. Russia MHL 2024-02-28 08:00;Draw No Bet: 1st team win = 1.87;1win;;200;374.0;BRL;
;;;Draw No Bet: 2nd team win = 2.45;Pinnacle;;152.65;373.99;BRL;
;;;;;;;;;
195;26/02/2024 18:14;Brighton and Hove Albion - Wolverhampton Wanderers Football. England. FA Cup 2024-02-28 19:45;Total Over 1st team(4.5)Corners = 1.8;Bet365;;12.34;22.21;BRL;
;;;Total Under 1st team(4.5)Corners = 2.55;Favbet;;8.71;22.21;BRL;
;;;;;;;;;
196;26/02/2024 18:08;Everton U21 - Fulham U21 Football. premier league international cup 2024-02-26 19:00;3-way: 1st team win1 period = 2.92;Favbet;;10.55;30.81;BRL;
;;;LAY 3-way: 1st team win1 period = 1.742;Betfair Ex;;17.68;30.8;BRL;
;;;;;;;;;
197;26/02/2024 18:07;Everton U21 - Fulham U21 Football. premier league international cup 2024-02-26 19:00;3-way: 1st team win1 period = 3.4;Bwin;;5.39;18.33;BRL;
;;;LAY 3-way: 1st team win1 period = 1.754;Betfair Ex;;10.45;18.33;BRL;
;;;;;;;;;
198;26/02/2024 17:27;HNK Gorica - NK Rudes Football. Croatia. HNL 2024-03-04 16:00;3-way: 1st team win = 2;BetfairSB;;21.71;43.42;BRL;
;;;2-way: Handicap/Spread 2nd team(0.5) = 2.23;Favbet;;19.47;43.42;BRL;
;;;;;;;;;
199;26/02/2024 14:48;Kaylah McPhee - Polina Iatcenko Tennis. ITF W50 Pretoria 2024-02-27 09:30;Draw No Bet: 1st team win = 2.33;Pinnacle;;22.63;52.73;BRL;
;;;Draw No Bet: 2nd team win = 1.9;Vbet;;27.75;52.72;BRL;
;;;;;;;;;
200;26/02/2024 14:24;Grenada U20 - Jamaica U20 Football. CONCACAF U20 Championship 2024-02-26 23:00;2-way: Handicap/Spread 1st team(0.75)1 period = 2.5;Vbet;;15.479.999.999.999.900;38.7;BRL;
;;;2-way: Handicap/Spread 2nd team(-0.75)1 period = 1.825;Bet365;;21.21;38.71;BRL;
;;;;;;;;;
201;26/02/2024 13:53;SC Dnipro-1 - Obolon Football. Ukraine. Premier League 2024-03-03 11:00;Total Over(2.75) = 2.46;Pinnacle;;47.71;117.37;BRL;
;;;Total Under(2.75) = 1.92;Favbet;;61.13;117.37;BRL;
;;;;;;;;;
202;26/02/2024 13:52;SC Dnipro-1 - Obolon Football. Ukraine. Premier League 2024-03-03 11:00;Total Over(2.5) = 2.16;Pinnacle;;9.512.999.999.999.990;205.48;BRL;
;;;Total Under(2.5) = 2.21;Favbet;;9.297.999.999.999.990;205.49;BRL;
;;;;;;;;;
203;26/02/2024 12:00;Латвия(ж) - Словакия(ж) Football. Европа. Лига наций УЕФА. Женщины. Лига B 2024-02-27 17:00;Clean sheet 2nd team = 1.97;SportyBet;;11.839.999.999.999.900;23.32;BRL;
;;;Total Over 1st team(0.5) = 4;Bet365;;5.829.999.999.999.990;23.32;BRL;
;;;;;;;;;
204;26/02/2024 11:58;Латвия(ж) - Словакия(ж) Football. Европа. Лига наций УЕФА. Женщины. Лига B 2024-02-27 17:00;Score both teams = 4;Bet365;;5.829.999.999.999.990;23.32;BRL;
;;;Not score both teams = 1.93;SportyBet;;12.080.000.000.000.000;23.31;BRL;
;;;;;;;;;
205;26/02/2024 11:37;Kryvbas - Shakhtar Donetsk Football. Ukraine. Premier League 2024-03-03 16:00;Total Over(2.75) = 2.03;Pinnacle;;51.8;105.15;BRL;
;;;Total Under(2.75) = 2.15;Favbet;;48.910.000.000.000.000;105.16;BRL;
;;;;;;;;;
206;26/02/2024 11:36;Kryvbas - Shakhtar Donetsk Football. Ukraine. Premier League 2024-03-03 16:00;Total Under(3) = 1.95;Favbet;;11.842.000.000.000.000;230.92;BRL;
;;;Total Over(2.75) = 2.05;Pinnacle;;73.77;151.23;BRL;
;;;Total Over(3.5) = 2.84;Pinnacle;;28.060.000.000.000.000;79.69;Pinnacle;
;;;;;;;;;
207;26/02/2024 11:24;Cameroon (Wom) - Nigeria (Wom) Football. World. Olympic Games Qualification - Women 2024-02-26 15:00;2-way: Handicap/Spread 1st team(2) = 1.584;Pinnacle;;10.4;16.47;BRL;
;;;2-way: Handicap/Spread 2nd team(-2) = 3.15;Favbet;;5.23;16.47;BRL;
;;;;;;;;;
208;26/02/2024 11:17;HJK Helsinki - FC Lahti Football. Finland. League Cup 2024-02-27 12:00;2-way: Handicap/Spread 1st team(0.5) = 2.63;Pinnacle;;16.07;42.26;BRL;
;;;3-way: 2nd team win = 1.92;Favbet;;22.01;42.26;BRL;
;;;;;;;;;
209;26/02/2024 11:16;Veres - Vorskla Poltava Football. Ukraine. Premier League 2024-03-02 13:30;Total Over(2) = 1.82;Favbet;;137.18;249.67;BRL;
;;;Total Under(2) = 2.43;Pinnacle;;102.74;249.66;BRL;
;;;;;;;;;
210;26/02/2024 11:15;Veres - Vorskla Poltava Football. Ukraine. Premier League 2024-03-02 13:30;2-way: Handicap/Spread 1st team(0) = 3.85;Favbet;;19.74;76.0;BRL;
;;;2-way: Handicap/Spread 2nd team(0) = 1.495;Pinnacle;;50.84;76.01;BRL;
;;;;;;;;;
211;26/02/2024 09:37;Ege University - Anka Spor 2009 Basketball. Turkey. TB2L 2024-02-26 15:00;Draw No Bet: 1st team win = 2.1;Bet365;;11.43;24.0;BRL;
;;;Draw No Bet: 2nd team win = 2.4;SportyBet;;10;24.0;BRL;
;;;;;;;;;
212;26/02/2024 09:34;Bournemouth - Leicester Football. English FA Cup 2024-02-27 19:30;Total Over(4)Cards = 2.4;Favbet;;9.64;23.14;BRL;
;;;Total Under(4)Cards = 1.925;Bet365;;12.02;23.14;BRL;
;;;;;;;;;
213;26/02/2024 09:32;LUTON - MANCHESTER CITY Football. INGHILTERRA. FA CUP 2024-02-27 20:00;Total Over(4)Cards = 2.75;Favbet;;7.71;21.2;BRL;
;;;Total Under(4)Cards = 1.751;Pinnacle;;12.11;21.2;BRL;
;;;;;;;;;
214;26/02/2024 09:31;Girona - Rayo Vallecano Football. Spain - La Liga 2024-02-26 20:00;Total Over(4.5)Cards = 2.26;Pinnacle;;27.81;62.85;BRL;
;;;Total Under(4.5)Cards = 1.95;Favbet;;32.23;62.85;BRL;
;;;;;;;;;
215;26/02/2024 09:29;Girona - Rayo Vallecano Football. Spain - La Liga 2024-02-26 20:00;Total Under(4)Cards = 2.59;Favbet;;29.72;76.97;BRL;
;;;Total Over(3.5)Cards = 1.58;SportyBet;;30;47.4;BRL;
;;;Total Over(4.5)Cards = 2.26;Pinnacle;;13.15;29.72;Pinnacle;
;;;;;;;;;
216;25/02/2024 07:44;Brasiliense FC - Planaltina-DF Football. Brazil. Campeonato Brasiliense Serie A 2024-02-25 18:30;2-way: Handicap/Spread 1st team(-1.75) = 2.25;1win;;300;675.0;BRL;
;;;2-way: Handicap/Spread 2nd team(1.75) = 2.15;Pinnacle;;313.95;674.99;BRL;
;;;;;;;;;
217;25/02/2024 07:35;Croatia - Cyprus Basketball. Europe. Eurobasket Qualifiers 2024-02-26 19:00;2-way: Handicap/Spread 1st team(-31) = 2.39;Pinnacle;;5.99;14.32;BRL;
;;;2-way: Handicap/Spread 2nd team(32.5) = 1.89;Favbet;;7.579.999.999.999.990;14.33;BRL;
;;;;;;;;;
218;25/02/2024 07:06;Frosinone Calcio - Juventus Football. Italy. Serie A 2024-02-25 11:30;Total Over 1st team(2.5)Shots on target = 2.1;Bet365;;15.91;33.41;BRL;
;;;Total Under 1st team(2.5)Shots on target = 2.11;Favbet;;15.830.000.000.000.000;33.4;BRL;
;;;;;;;;;
219;25/02/2024 07:04;Sheffield United - Wolverhampton Wanderers Football. England. Premier League 2024-02-25 13:30;2-way: Handicap/Spread 1st team(-1)Cards = 1.81;Favbet;;34.91;63.19;BRL;
;;;3-way: European Handicap/Spread 2nd team(2)Cards = 1.909;Bet365;;14.81;28.27;BRL;
;;;3-way: European Handicap/Spread 2nd team(1)Cards = 3.25;Bet365;;10.74;34.91;Bet365;
;;;;;;;;;
220;25/02/2024 06:51;Cadiz CF - Celta de Vigo Football. Spain La Liga 2024-02-25 13:00;Total Over 2nd team(12.5)Shots = 2.3;Favbet;;10.38;23.87;BRL;
;;;Total Under 2nd team(12.5)Shots = 2;Bet365;;11.940.000.000.000.000;23.88;BRL;
;;;;;;;;;
221;25/02/2024 06:43;Inter Milan - Lecce Football. Italy. Serie A 2024-02-25 17:00;Total Over (3-way) 1st team(17)Shots = 2.5;BetfairSB;;17.98;44.95;BRL;
;;;Total Under 1st team(17.5)Shots = 1.82;Favbet;;24.7;44.95;BRL;
;;;;;;;;;
222;25/02/2024 06:42;Inter Milan - Lecce Football. Italy. Serie A 2024-02-25 17:00;Total Over (3-way) 1st team(16)Shots = 2.1;BetfairSB;;17.42;36.58;BRL;
;;;Total Under 1st team(16.5)Shots = 2.24;Favbet;;16.33;36.58;BRL;
;;;;;;;;;
223;25/02/2024 06:38;Frosinone Calcio - Juventus Football. Italy. Serie A 2024-02-25 11:30;Double chance: 1st team win or drawFouls = 3.09;GGbet;;16;49.44;BRL;
;;;3-way: 2nd team winFouls = 1.67;Favbet;;29.600.000.000.000.000;49.43;BRL;
;;;;;;;;;
224;25/02/2024 06:34;Dynamo Kyiv - Metallist 1925 Football. Ukraine. Premier League 2024-02-25 13:30;2-way: Handicap/Spread 1st team(-2.5)Corners 1 period = 3.13;GGbet;;7.41;23.19;BRL;
;;;2-way: Handicap/Spread 1st team(-1.5)Corners 1 period = 1.85;Vbet;;12.16;22.5;BRL;
;;;2-way: Handicap/Spread 2nd team(2)Corners 1 period = 1.97;Favbet;;23.2;45.7;Favbet;
;;;;;;;;;
225;25/02/2024 06:30;Dynamo Kyiv - Metallist 1925 Football. Ukraine. Premier League 2024-02-25 13:30;Total Over 1st team(3)Corners 1 period = 1.9;Vbet;;20.37;38.7;BRL;
;;;Total Under 1st team(3)Corners 1 period = 2.39;Favbet;;16.19;38.69;BRL;
;;;;;;;;;
226;25/02/2024 06:25;Benfica - Portimonense Football. Portugal - Primeira Liga 2024-02-25 18:00;Total Over 2nd team(1)Corners 1 period = 2.85;Vbet;;9.34;26.62;BRL;
;;;Total Under 2nd team(1)Corners 1 period = 1.79;Favbet;;14.87;26.62;BRL;
;;;;;;;;;
227;25/02/2024 06:25;Benfica - Portimonense Football. Portugal - Primeira Liga 2024-02-25 18:00;2-way: Handicap/Spread 1st team(-3)Corners 1 period = 1.82;Favbet;;13.72;24.97;BRL;
;;;2-way: Handicap/Spread 2nd team(3)Corners 1 period = 2.44;Vbet;;10.23;24.96;BRL;
;;;;;;;;;
228;23/02/2024 18:07;Aston Villa U21 - Stoke City U21 Football. England. Premier League 2 2024-02-23 19:00;2-way: Handicap/Spread 1st team(0) = 1.98;Pinnacle;;10;19.8;BRL;
;;;2-way: Handicap/Spread 2nd team(0) = 2.4;Favbet;;8.04;19.3;BRL;
;;;;;;;;;
229;23/02/2024 17:59;Aluron Virtu Warta Zawiercie - LUK Lublin Volleyball. Poland. Plus Liga 2024-02-24 19:30;Total Over(44.5)Games/Points 1 period = 1.7;Vbet;;9.27;15.76;BRL;
;;;Total Under(44.5)Games/Points 1 period = 2.8;Favbet;;5.63;15.76;BRL;
;;;;;;;;;
230;23/02/2024 17:50;Hanvikens SK - Pitea HC Hockey. Sweden. Hockeyettan 2024-02-24 15:00;Total Over(5) = 2.37;Vbet;;18.12;42.94;BRL;
;;;Total Under(5) = 1.826;Pinnacle;;23.52;42.95;BRL;
;;;;;;;;;
231;23/02/2024 17:41;UD Almeria - Atletico Madrid Football. Spain La Liga 2024-02-24 20:00;Total Over(4.5)Cards = 2.08;Pinnacle;;38.15;79.35;BRL;
;;;Total Under(4.5)Cards = 2.11;Favbet;;37.61;79.36;BRL;
;;;;;;;;;
232;23/02/2024 17:38;Berlin Turkspor - Stern Britz Football. Football. Germany. Berlin-liga 2024-02-23 18:30;3-way: 1st team win = 2;BetfairSB;;23.39;46.78;BRL;
;;;2-way: Handicap/Spread 2nd team(0.5) = 2.13;Vbet;;21.96;46.77;BRL;
;;;;;;;;;
233;23/02/2024 17:36;Inter Milan - Lecce Football. Italy. Serie A 2024-02-25 17:00;Total Over(11)Corners = 3.47;Vbet;;6.09;21.13;BRL;
;;;Total Under(11)Corners = 1.43;Favbet;;14.78;21.14;BRL;
;;;;;;;;;
234;23/02/2024 17:18;Sheffield United - Wolverhampton Wanderers Football. England. Premier League 2024-02-25 13:30;Total Over 1st team(3.5)Cards = 2.34;Favbet;;25.19;58.94;BRL;
;;;Total Under 1st team(3.5)Cards = 2;Bet365;;29.5;59.0;BRL;
;;;;;;;;;
235;23/02/2024 17:13;G2.iG - OG e-Sports. Dota 2. DreamLeague 2024-02-25 11:00;Total Over(12.5)1 Map Tower = 2.75;Bet365;;8;22.0;BRL;
;;;Total Under(12.5)1 Map Tower = 1.86;Favbet;;11.83;22.0;BRL;
;;;;;;;;;
236;22/02/2024 16:31;Mogo - HS Riga Hockey. Latvian Virsliga 2024-02-22 17:00;Total Over 2nd team(2) = 2.95;Vbet;;7.89;23.28;BRL;
;;;Total Under 2nd team(2) = 1.77;Favbet;;13.149.999.999.999.900;23.28;BRL;
;;;;;;;;;
237;22/02/2024 13:46;Sheffield United - Wolverhampton Wanderers Football. England. Premier League 2024-02-25 13:30;2-way: Handicap/Spread 1st team(-1.5)Cards = 2.26;Favbet;;9.7;21.92;BRL;
;;;2-way: Handicap/Spread 2nd team(1.5)Cards = 1.975;Bet365;;11.1;21.92;BRL;
;;;;;;;;;
238;22/02/2024 13:45;Sheffield United - Wolverhampton Wanderers Football. England. Premier League 2024-02-25 13:30;2-way: Handicap/Spread 1st team(0)Cards = 1.36;Favbet;;37.5;51.0;BRL;
;;;3-way: drawCards = 5.2;SportyBet;;2.6;13.52;BRL;
;;;3-way: European Handicap/Spread 2nd team(0)Cards = 6.5;Bet365;;7.85;51.03;Bet365;
;;;;;;;;;
239;22/02/2024 13:42;Sheffield United - Wolverhampton Wanderers Football. England. Premier League 2024-02-25 13:30;2-way: Handicap/Spread 1st team(-1)Cards = 1.88;Favbet;;15.34;28.84;BRL;
;;;2-way: Handicap/Spread 2nd team(1.5)Cards = 1.975;Bet365;;6.84;13.51;BRL;
;;;3-way: European Handicap/Spread 2nd team(1)Cards = 3.25;Bet365;;4.72;15.34;Bet365;
;;;;;;;;;
240;22/02/2024 13:37;UD Almeria - Atletico Madrid Football. Spain La Liga 2024-02-24 20:00;Total Over 1st team(2.5)Cards = 2.5;Bet365;;23.33;58.33;BRL;
;;;Total Under 1st team(2.5)Cards = 1.79;Favbet;;32.58;58.32;BRL;
;;;;;;;;;
241;22/02/2024 13:36;UD Almeria - Atletico Madrid Football. Spain La Liga 2024-02-24 20:00;Total Over(4.5)Cards = 2.2;Bet365;;29.17;64.17;BRL;
;;;Total Under(4.5)Cards = 2.11;Favbet;;30.410.000.000.000.000;64.17;BRL;
;;;;;;;;;
242;22/02/2024 13:34;FC Barcelona - Getafe CF Football. Spain La Liga 2024-02-24 15:15;Total Over(5.5)Cards = 2.32;Favbet;;28.8;66.82;BRL;
;;;Total Under(5.5)Cards = 2.1;Bet365;;31.82;66.82;BRL;
;;;;;;;;;
243;22/02/2024 11:54;HC Briancon - Grenoble Bruleurs de Loups Hockey. France. Ligue Magnus 2024-02-23 19:15;Total Over 1st team(1.5) = 2.75;BetfairSB;;4.98;13.7;BRL;
;;;Total Under 1st team(1.5) = 1.73;Favbet;;7.919.999.999.999.990;13.7;BRL;
;;;;;;;;;
244;22/02/2024 11:38;Antonio Vargas - Jonathan Rodriguez Boxing. Boxing 2024-02-25 01:00;Draw No Bet: 1st team win = 1.65;GGbet;;87;143.55;BRL;
;;;Draw No Bet: 2nd team win = 3;Vbet;;48.06;144.18;BRL;
;;;;;;;;;
245;22/02/2024 11:36;Antonio Vargas - Jonathan Rodriguez Boxing. Boxing 2024-02-25 01:00;Draw No Bet: 1st team win = 1.65;GGbet;;25;41.25;BRL;
;;;Draw No Bet: 2nd team win = 3.05;Vbet;;13.31;40.6;BRL;
;;;;;;;;;
246;22/02/2024 11:30;HC Briancon - Grenoble Bruleurs de Loups Hockey. France. Ligue Magnus 2024-02-23 19:15;Total Over 1st team(1.5) = 2.55;1win;;23.499.999.999.999.900;599.25;BRL;
;;;Total Under 1st team(1.5) = 2;GGbet;;300;600.0;BRL;
;;;;;;;;;
247;22/02/2024 11:22;AC Milan - Stade Rennais Football. Europe. UEFA Europa League 2024-02-22 17:45;Total Over 2nd team(1)Offsides = 2.17;Vbet;;5.71;12.39;BRL;
;;;Total Under 2nd team(1)Offsides = 2.23;Favbet;;5.56;12.4;BRL;
;;;;;;;;;
248;22/02/2024 09:21;Sokol Kiev - HC Tryzub Kyiv Hockey. Ukraine. UHL 2024-02-22 16:00;2-way: Handicap/Spread 1st team(-6) = 3.15;Vbet;;3.6;11.34;BRL;
;;;2-way: Handicap/Spread 2nd team(6.5) = 1.96;Favbet;;5.789.999.999.999.990;11.35;BRL;
;;;;;;;;;
249;22/02/2024 09:21;Sokol Kiev - HC Tryzub Kyiv Hockey. Ukraine. UHL 2024-02-22 16:00;Total Over(8.5) = 2.9;Vbet;;31.999.999.999.999.900;9.28;BRL;
;;;Total Under(8.5) = 1.94;Favbet;;4.79;9.29;BRL;
;;;;;;;;;
250;22/02/2024 09:12;AC Milan - Stade Rennais Football. Europe. UEFA Europa League 2024-02-22 17:45;Total Over 2nd team(1)Offsides = 1.96;Vbet;;18.73;36.71;BRL;
;;;Total Under 2nd team(1)Offsides = 2.23;Favbet;;16.46;36.71;BRL;
;;;;;;;;;
251;21/02/2024 20:12;Ладья - МХК Молот Hockey. МХЛ. Регулярный чемпионат 2024-02-23 08:00;Draw No Bet: 1st team win = 1.81;Vbet;;30.42;55.06;BRL;
;;;Draw No Bet: 2nd team win = 2.54;Pinnacle;;21.68;55.07;BRL;
;;;;;;;;;
252;21/02/2024 19:22;CSA - Dimensao Saude Football. Brazil Matches 2024-02-21 23:00;Total Under(3.75) = 1.95;Bet365;;18.42;35.92;BRL;
;;;Total Over(3.5) = 2.05;BetfairSB;;13.03;26.71;BRL;
;;;Total Over(4.5) = 3.7;BetfairSB;;2.49;9.21;BetfairSB;
;;;;;;;;;
253;21/02/2024 17:37;Cuba - USA Basketball. America. FIBA AmeriCup Qualifiers 2024-02-23 00:10;2-way: Handicap/Spread 1st team(36.5) = 1.925;Pinnacle;;68.83;132.5;BRL;
;;;2-way: Handicap/Spread 2nd team(-36.5) = 2.65;1win;;50;132.5;BRL;
;;;;;;;;;
254;21/02/2024 15:01;Degerfors IF - GAIS Football. Sweden. Svenska Cupen 2024-02-24 12:00;2-way: Handicap/Spread 1st team(0.5) = 1.606;Pinnacle;;24.01;38.56;BRL;
;;;3-way: 2nd team win = 3.7;Favbet;;10.42;38.55;BRL;
;;;;;;;;;
255;21/02/2024 15:01;Degerfors IF - GAIS Football. Sweden. Svenska Cupen 2024-02-24 12:00;2-way: Handicap/Spread 1st team(0) = 1.826;Pinnacle;;24.41;44.57;BRL;
;;;2-way: Handicap/Spread 2nd team(0) = 2.71;Favbet;;16.45;44.58;BRL;
;;;;;;;;;
256;21/02/2024 14:48;BSV Bern Muri - HSC Kreuzlingen Handball. Switzerland. Nationalliga A 2024-02-22 18:15;2-way: Handicap/Spread 1st team(-6.5) = 2.47;1win;;200;494.0;BRL;
;;;2-way: Handicap/Spread 2nd team(6.5) = 1.826;Pinnacle;;270.54;494.01;BRL;
;;;;;;;;;
257;21/02/2024 14:07;Arsenal L - Porto Football. Europe. UEFA Champions League 2024-02-21 20:00;Total Over (3-way) 2nd team(3)Shots on target = 2.2;BetfairSB;;18.23;40.11;BRL;
;;;Total Under 2nd team(3.5)Shots on target = 2.02;Favbet;;19.85;40.1;BRL;
;;;;;;;;;
258;21/02/2024 13:32;Barcelona - Napoli Football. UEFA Champions League 2024-02-21 20:00;Total Over (3-way) 1st team(13)Shots = 2.1;BetfairSB;;22.83;47.94;BRL;
;;;Total Under 1st team(13.5)Shots = 2.22;Favbet;;21.599.999.999.999.900;47.95;BRL;
;;;;;;;;;
259;21/02/2024 13:32;Barcelona - Napoli Football. UEFA Champions League 2024-02-21 20:00;Total Over (3-way) 1st team(14)Shots = 2.63;BetfairSB;;17.7;46.55;BRL;
;;;Total Under 1st team(14.5)Shots = 1.77;Favbet;;26.3;46.55;BRL;
;;;;;;;;;
260;21/02/2024 13:28;Liverpool - Luton Town Football. England. Premier League 2024-02-21 19:30;Total Over 2nd team(7.5)Shots = 2;Bet365;;6.11;12.22;BRL;
;;;Total Under 2nd team(7.5)Shots = 2.39;Favbet;;5.11;12.21;BRL;
;;;;;;;;;
261;21/02/2024 13:15;Deportivo Madryn - Gimnasia Y Tiro de Salta Football. Argentina Primera Nacional 2024-02-24 20:00;Total Over(2) = 2.5;Pinnacle;;17.98;44.95;BRL;
;;;Total Under(2) = 1.82;Favbet;;24.699.999.999.999.900;44.95;BRL;
;;;;;;;;;
262;21/02/2024 13:14;Deportivo Madryn - Gimnasia Y Tiro de Salta Football. Argentina Primera Nacional 2024-02-24 20:00;Total Over(2) = 2.6;Pinnacle;;28.850.000.000.000.000;75.01;BRL;
;;;Total Under(2) = 1.875;Bet365;;40;75.0;BRL;
;;;;;;;;;
263;21/02/2024 13:06;Osters IF - Varbergs BoIS FC Football. Sweden. Svenska Cupen 2024-02-24 12:00;2-way: Handicap/Spread 1st team(-0.5) = 3.7;Favbet;;10.42;38.55;BRL;
;;;3-way: draw = 3.79;Pinnacle;;4.58;17.36;BRL;
;;;2-way: Handicap/Spread 2nd team(0) = 1.819;Pinnacle;;21.2;38.56;Pinnacle;
;;;;;;;;;
264;21/02/2024 13:05;Osters IF - Varbergs BoIS FC Football. Sweden. Svenska Cupen 2024-02-24 12:00;3-way: 1st team win = 3.7;Favbet;;10.42;38.55;BRL;
;;;3-way: draw = 3.79;Pinnacle;;4.58;17.36;BRL;
;;;2-way: Handicap/Spread 2nd team(0) = 1.819;Pinnacle;;21.2;38.56;Pinnacle;
;;;;;;;;;
265;21/02/2024 13:04;Osters IF - Varbergs BoIS FC Football. Sweden. Svenska Cupen 2024-02-24 12:00;2-way: Handicap/Spread 1st team(0) = 2.71;Favbet;;16.45;44.58;BRL;
;;;2-way: Handicap/Spread 2nd team(0) = 1.787;Pinnacle;;24.95;44.59;BRL;
;;;;;;;;;
266;21/02/2024 13:01;KAA Gent - Maccabi Haifa Football. Europe. UEFA Europa Conference League 2024-02-21 17:00;2-way: Handicap/Spread 1st team(1.5)Offsides = 2.12;Favbet;;10.5;22.26;BRL;
;;;2-way: Handicap/Spread 2nd team(-1.5)Offsides = 2.23;Vbet;;10;22.3;BRL;
;;;;;;;;;
267;21/02/2024 12:46;G2 Esports - Team Bliss e-Sports. Rainbow Six. Мир. Six Invitational 2024-02-21 20:00;2-way: Handicap/Spread 1st team(-1.5) = 1.85;Favbet;;12.679.999.999.999.900;23.46;BRL;
;;;2-way: Handicap/Spread 2nd team(1.5) = 2.63;BetfairSB;;8.92;23.46;BRL;
;;;;;;;;;
268;21/02/2024 12:19;Achi Akko - Beitar Nahariya Football. Israeli Liga Bet 2024-02-21 18:00;Not score both teams = 2.05;BetfairSB;;10.36;21.24;BRL;
;;;Total Over 1st team(0.5) = 2.05;Pinnacle;;10.36;21.24;BRL;
;;;;;;;;;
269;21/02/2024 11:21;London Bees (Women) - Milton Keynes Dons (Women) Football. England. National League. Women 2024-02-21 19:45;Score both teams = 2.75;Vbet;;4.62;12.71;BRL;
;;;Not score both teams = 1.83;BetfairSB;;6.95;12.72;BRL;
;;;;;;;;;
270;21/02/2024 10:20;Liverpool - Luton Town Football. England. Premier League 2024-02-21 19:30;Total Over 1st team(2)Offsides = 2.65;Favbet;;12.270.000.000.000.000;32.52;BRL;
;;;Total Under 1st team(2)Offsides = 1.77;Vbet;;18.37;32.51;BRL;
;;;;;;;;;
271;21/02/2024 10:19;Liverpool - Luton Town Football. England. Premier League 2024-02-21 19:30;2-way: Handicap/Spread 1st team(0)Offsides = 2.25;Favbet;;16.2;36.45;BRL;
;;;2-way: Handicap/Spread 2nd team(0)Offsides = 2.02;Vbet;;18;36.36;BRL;
;;;;;;;;;
272;21/02/2024 10:18;Barcelona - Napoli Football. UEFA Champions League 2024-02-21 20:00;Total Over 1st team(2)Offsides = 2.6;Favbet;;12.66;32.92;BRL;
;;;Total Under 1st team(2)Offsides = 1.85;Vbet;;17.79;32.91;BRL;
;;;;;;;;;
273;21/02/2024 06:40;Bangkok United FC - Yokohama F. Marinos Football. Asia. AFC Champions League 2024-02-21 11:00;Total Over 1st team(3.5)Corners = 1.98;SportyBet;;10;19.8;BRL;
;;;Total Under 1st team(3.5)Corners = 2.23;Favbet;;8.88;19.8;BRL;
;;;;;;;;;
274;21/02/2024 05:45;Gol Gohar Sirjan FC - Paykan FC Football. Iran. Pro League 2024-02-21 11:00;2-way: Handicap/Spread 1st team(-1.25) = 2.26;Vbet;;25.78;58.26;BRL;
;;;2-way: Handicap/Spread 2nd team(1.25) = 1.925;Bet365;;30.269.999.999.999.900;58.27;BRL;
;;;;;;;;;
275;21/02/2024 05:44;CSM Ceahlaul Piatra Neamt - CS Concordia Chiajna Football. Romania. Liga 2 2024-02-22 17:30;2-way: Handicap/Spread 1st team(0) = 3.36;Pinnacle;;22.130.000.000.000.000;74.36;BRL;
;;;2-way: Handicap/Spread 2nd team(0) = 1.5;Vbet;;49.58;74.37;BRL;
;;;;;;;;;
276;21/02/2024 05:13;Chicago Wolves - Milwaukee Admirals Hockey. Estados Unidos. AHL 2024-02-22 17:00;Draw No Bet: 1st team win = 2.42;Favbet;;17.83;43.15;BRL;
;;;Draw No Bet: 2nd team win = 1.806;Pinnacle;;23.89;43.15;BRL;
;;;;;;;;;
277;21/02/2024 04:41;Shopify Rebellion - Tundra Esports e-Sports. DOTA2 - DreamLeague 2024-02-27 00:00;Total Over(5.5)1 Map Barracks = 2.44;GGbet;;12;29.28;BRL;
;;;Total Under(5.5)1 Map Barracks = 1.83;Bet365;;16;29.28;BRL;
;;;;;;;;;
278;21/02/2024 04:27;Liverpool - Luton Town Football. England. Premier League 2024-02-21 19:30;Total Over (3-way) 1st team(24)Shots = 2.75;BetfairSB;;10.840.000.000.000.000;29.81;BRL;
;;;Total Under 1st team(24.5)Shots = 1.79;Favbet;;16.65;29.8;BRL;
;;;;;;;;;
279;21/02/2024 04:26;Liverpool - Luton Town Football. England. Premier League 2024-02-21 19:30;Total Over (3-way) 1st team(24)Shots = 2.75;BetfairSB;;13.999.999.999.999.900;38.5;BRL;
;;;Total Under 1st team(24.5)Shots = 1.833;Bet365;;21;38.49;BRL;
;;;;;;;;;
280;21/02/2024 04:24;Liverpool - Luton Town Football. England. Premier League 2024-02-21 19:30;Total Over (3-way) 1st team(23)Shots = 2.3;BetfairSB;;16.6;38.18;BRL;
;;;Total Under 1st team(23.5)Shots = 2.13;Favbet;;17.92;38.17;BRL;
;;;;;;;;;
281;20/02/2024 21:25;Mighty Tiger Gaming - Qing Jiu Club e-Sports. Honor of Kings - KGL Spring 2024-02-21 10:30;Draw No Bet: 1st team win = 2.08;GGbet;;12;24.96;BRL;
;;;Draw No Bet: 2nd team win = 2.1;Bet365;;11.89;24.97;BRL;
;;;;;;;;;
282;20/02/2024 19:35;SS Folgore Falciano Calcio - AC Libertas Football. San Marino. Campionato Sammarinese 2024-02-20 20:15;2-way: Handicap/Spread 1st team(-1) = 2.33;Vbet;;18.64;43.43;BRL;
;;;2-way: Handicap/Spread 2nd team(1) = 1.884;Pinnacle;;22.999.999.999.999.900;43.33;BRL;
;;;;;;;;;
283;20/02/2024 19:34;Port Vale - Reading Football. England. League One 2024-02-20 20:00;Total Over 2nd team(5.5)Corners = 2.2;Bet365;;86.8;190.96;BRL;
;;;Total Under 2nd team(5.5)Corners = 2.01;GGbet;;95;190.95;BRL;
;;;;;;;;;
284;20/02/2024 19:10;CD Barranquilla FC - Club Union Magdalena Football. Colombia. Primera B 2024-02-20 23:00;Total Over(1.5)1 period = 2.95;SportyBet;;30;88.5;BRL;
;;;LAY Total Over(1.5)1 period = 1.668;Betfair Ex;;5.306.000.000.000.000;88.5;BRL;
;;;;;;;;;
285;20/02/2024 19:08;CD Barranquilla FC - Club Union Magdalena Football. Colombia. Primera B 2024-02-20 23:00;2-way: Handicap/Spread 1st team(-0.5)1 period = 3.57;Vbet;;9.65;34.45;BRL;
;;;LAY 3-way: 1st team win1 period = 1.497;Betfair Ex;;23.010.000.000.000.000;34.45;BRL;
;;;;;;;;;
286;20/02/2024 19:05;CD Barranquilla FC - Club Union Magdalena Football. Colombia. Primera B 2024-02-20 23:00;3-way: 1st team win1 period = 3.57;Vbet;;9.65;34.45;BRL;
;;;LAY 3-way: 1st team win1 period = 1.557;Betfair Ex;;22.130.000.000.000.000;34.46;BRL;
;;;;;;;;;
287;20/02/2024 18:55;CD Barranquilla FC - Club Union Magdalena Football. Colombia. Primera B 2024-02-20 23:00;3-way: 1st team win1 period = 4.8;SportyBet;;20;96.0;BRL;
;;;LAY 3-way: 1st team win1 period = 1.367;Betfair Ex;;70.23;96.0;BRL;
;;;;;;;;;
288;20/02/2024 14:27;Caernarfon Town - The New Saints FC Football. Wales. Cymru Premier 2024-02-23 19:45;Score both teams = 2.25;Bet365;;6.44;14.49;BRL;
;;;Not score both teams = 2;BetfairSB;;7.24;14.48;BRL;
;;;;;;;;;
289;20/02/2024 13:18;GNK Dinamo Zagreb - HNK Rijeka Football. Croatia. HNL 2024-02-25 14:00;Total Over 1st team(1.5) = 2.1;Pinnacle;;62.18;130.58;BRL;
;;;Total Under 1st team(1.5) = 2.07;Favbet;;63.08;130.58;BRL;
;;;;;;;;;
290;20/02/2024 13:17;GNK Dinamo Zagreb - HNK Rijeka Football. Croatia. HNL 2024-02-25 14:00;2-way: Handicap/Spread 1st team(-1) = 3.13;Pinnacle;;29;90.77;BRL;
;;;2-way: Handicap/Spread 2nd team(1) = 1.61;Favbet;;55.33;89.08;BRL;
;;;;;;;;;
291;20/02/2024 12:32;Fleetwood Town (U21) - Sheffield United (U21) Football. England. PDL (U21) 2024-02-20 13:30;3-way: 1st team win = 2.44;Favbet;;6.24;15.23;BRL;
;;;2-way: Handicap/Spread 2nd team(0.5) = 2.21;Pinnacle;;6.9;15.25;BRL;
;;;;;;;;;
292;20/02/2024 12:31;Fleetwood Town (U21) - Sheffield United (U21) Football. England. PDL (U21) 2024-02-20 13:30;2-way: Handicap/Spread 1st team(-1) = 3.65;Favbet;;4.25;15.51;BRL;
;;;2-way: Handicap/Spread 2nd team(1) = 1.775;Pinnacle;;9.16;16.26;BRL;
;;;;;;;;;
293;20/02/2024 11:39;AFC Progresul 1944 Spartac - FC Gloria Buzau Football. Romania Liga 2 2024-02-25 12:00;Double chance: 1st team win or draw1 period = 3.05;Favbet;;6.59;20.1;BRL;
;;;3-way: 2nd team win1 period = 1.65;BetfairSB;;12.18;20.1;BRL;
;;;;;;;;;
294;20/02/2024 11:36;AFC Progresul 1944 Spartac - FC Gloria Buzau Football. Romania Liga 2 2024-02-25 12:00;Total Under 2nd team(3) = 2.08;Favbet;;6.24;12.98;BRL;
;;;Total Over 2nd team(2.5) = 2;BetfairSB;;3.37;6.74;BRL;
;;;Total Over 2nd team(3.5) = 4;BetfairSB;;1.56;6.24;BetfairSB;
;;;;;;;;;
295;20/02/2024 08:09;FunPlus Phoenix - LNG Esports e-Sports. LOL - LPL Spring 2024-02-20 09:00;Total Over(11.5)1 Map Tower = 2.1;Favbet;;18.4;38.64;BRL;
;;;Total Under(11.5)1 Map Tower = 2.1;Bet365;;18;37.8;BRL;
;;;;;;;;;
296;20/02/2024 08:02;Furuset - Gruner IL Hockey. Norway. 1.Division 2024-02-21 18:00;2-way: Handicap/Spread 1st team(6.5) = 2.75;1win;;20;55.0;BRL;
;;;2-way: Handicap/Spread 2nd team(-6.5) = 1.84;Vbet;;29.51;54.3;BRL;
;;;;;;;;;
297;20/02/2024 07:05;Eisbären Berlin - Kölner Haie Hockey. German DEL 2024-02-21 18:30;Total Over(5) = 2.01;Favbet;;21.33;42.87;BRL;
;;;Total Under(5) = 2.37;Vbet;;18.09;42.87;BRL;
;;;;;;;;;
298;20/02/2024 07:03;HC Bolzano Sudtirol - Graz 99ers Hockey. Austria. Win2day IHL 2024-02-21 18:15;Draw No Bet: 1st team win = 1.29;Vbet;;85.48;110.27;BRL;
;;;Draw No Bet: 2nd team win = 5.47;Pinnacle;;20.16;110.28;BRL;
;;;;;;;;;
299;20/02/2024 06:56;Almaz Cherepovets - Dinamo Shinnik Bobruysk Hockey. Russia. MHL 2024-02-21 15:30;Draw No Bet: 1st team win = 2.16;Pinnacle;;19.26;41.6;BRL;
;;;Draw No Bet: 2nd team win = 2.08;Vbet;;20;41.6;BRL;
;;;;;;;;;
300;20/02/2024 06:19;Oleksandr Ziakun - Roman Zaporozhets TableTennis. Setka Cup 2024-02-20 06:30;Draw No Bet: 1st team win = 2.16;1win;;7.92;17.11;BRL;
;;;Draw No Bet: 2nd team win = 5.5;Bet365;;3.11;17.11;BRL;
;;;;;;;;;
301;20/02/2024 05:16;Team Spirit - Tundra Esports e-Sports. DOTA2 - DreamLeague 2024-02-27 00:00;Total Over(12.5)1 Map Tower = 2.56;GGbet;;12;30.72;BRL;
;;;Total Under(12.5)1 Map Tower = 1.8;Bet365;;17.07;30.73;BRL;
;;;;;;;;;
302;20/02/2024 05:13;Shopify Rebellion - Xtreme Gaming e-Sports. DOTA2 - DreamLeague 2024-02-27 00:00;Total Over(13.5)1 Map Tower = 4.5;Bet365;;37.300.000.000.000.000;16.79;BRL;
;;;Total Under(13.5)1 Map Tower = 1.4;GGbet;;12;16.8;BRL;
;;;;;;;;;
303;20/02/2024 05:04;Team Liquid - Xtreme Gaming e-Sports. DOTA2 - DreamLeague 2024-02-27 00:00;Total Over(12.5)1 Map Tower = 2.62;Bet365;;8.47;22.19;BRL;
;;;Total Under(12.5)1 Map Tower = 1.85;GGbet;;12;22.2;BRL;
;;;;;;;;;
304;20/02/2024 05:02;Team Liquid - Xtreme Gaming e-Sports. DOTA2 - DreamLeague 2024-02-27 00:00;Total Over(13.5)1 Map Tower = 4.5;Bet365;;4;18.0;BRL;
;;;Total Under(13.5)1 Map Tower = 1.49;GGbet;;12.08;18.0;BRL;
;;;;;;;;;
305;19/02/2024 19:04;Krasnaya Armiya - Spartak Moskow Hockey. Russia. MHL 2024-02-20 13:30;2-way: Handicap/Spread 1st team(0.5) = 1.77;SportyBet;;50;88.5;BRL;
;;;3-way: 2nd team win = 2.56;Pinnacle;;34.57;88.5;BRL;
;;;;;;;;;
306;19/02/2024 18:05;West Bromwich Albion U21 - Wolverhampton Wanderers U21 Football. England. Premier League 2 2024-02-19 19:00;2-way: Handicap/Spread 1st team(1) = 2.16;Pinnacle;;10.26;22.16;BRL;
;;;2-way: Handicap/Spread 2nd team(-1) = 2.04;Favbet;;10.86;22.15;BRL;
;;;;;;;;;
307;19/02/2024 17:43;London Knights - Windsor Spitfires Hockey. Canada. OHL 2024-02-19 19:00;Total Over 2nd team(1.5) = 1.68;1win;;10;16.8;BRL;
;;;Total Under 2nd team(1.5) = 2.77;Favbet;;5.72;15.84;BRL;
;;;;;;;;;
308;19/02/2024 17:27;EHC Olten - HC Thurgau Hockey. Switzerland. Swiss League 2024-02-20 19:00;Total Over(7.5) = 2.63;BetfairSB;;7.12;18.73;BRL;
;;;Total Under(7.5) = 1.689;Pinnacle;;11.090.000.000.000.000;18.73;BRL;
;;;;;;;;;
309;19/02/2024 16:55;Orsomarso SC - Tigres FC Football. Colombia. Primera B 2024-02-20 20:30;Draw No Bet: 1st team win1 period = 2.9;SportyBet;;30;87.0;BRL;
;;;2-way: Handicap/Spread 2nd team(0)1 period = 1.657;Pinnacle;;52.5;86.99;BRL;
;;;;;;;;;
310;19/02/2024 16:52;Orsomarso SC - Tigres FC Football. Colombia. Primera B 2024-02-20 20:30;Draw No Bet: 1st team win1 period = 2.9;Betway;;5.35;15.51;BRL;
;;;2-way: Handicap/Spread 2nd team(0)1 period = 1.724;Pinnacle;;9;15.52;BRL;
;;;;;;;;;
311;19/02/2024 15:03;MHK Dynamo Moscow - SKA-1946 Hockey. Russia. MHL 2024-02-20 16:00;Draw No Bet: 1st team win = 3.52;Pinnacle;;20.62;72.58;BRL;
;;;Draw No Bet: 2nd team win = 1.52;Vbet;;47.760.000.000.000.000;72.6;BRL;
;;;;;;;;;
312;19/02/2024 13:43;Melbourne Victory - Western United Football. Australia. A-League 2024-02-20 08:00;2-way: Handicap/Spread 1st team(0.5)Cards = 1.787;Pinnacle;;16.16;28.88;BRL;
;;;3-way: European Handicap/Spread Draw 2nd team(-1)Cards = 5.5;Bet365;;5.25;28.88;BRL;
;;;3-way: European Handicap/Spread 2nd team(-1)Cards = 6.5;Bet365;;4.44;28.86;Bet365;
;;;;;;;;;
313;19/02/2024 13:42;Melbourne Victory - Western United Football. Australia. A-League 2024-02-20 08:00;2-way: Handicap/Spread 1st team(0.5)Cards = 1.8;Pinnacle;;28.279.999.999.999.900;50.9;BRL;
;;;3-way: European Handicap/Spread 2nd team(0)Cards = 3.2;Bet365;;15.91;50.91;BRL;
;;;;;;;;;
314;19/02/2024 13:28;FCSB - Univ. Cluj Football. Romania. Romania. Liga 1 2024-02-19 18:30;2-way: Handicap/Spread 1st team(-1)Corners = 2.38;Favbet;;16.3;38.79;BRL;
;;;2-way: Handicap/Spread 2nd team(1)Corners = 1.884;Pinnacle;;20.59;38.79;BRL;
;;;;;;;;;
315;19/02/2024 13:18;Brighton and Hove Albion U21 - Stoke City U21 Football. England. Premier League 2 2024-02-19 14:00;2-way: Handicap/Spread 1st team(0) = 2.38;Favbet;;8.15;19.4;BRL;
;;;2-way: Handicap/Spread 2nd team(0) = 1.909;Pinnacle;;10.16;19.4;BRL;
;;;;;;;;;
316;19/02/2024 12:24;Cliftonville FC U20 - Coleraine U20 Football. Northern Irish U20 2024-02-19 19:45;2-way: Handicap/Spread 1st team(0.5)1 period = 2.37;Pinnacle;;15.880.000.000.000.000;37.64;BRL;
;;;3-way: 2nd team win1 period = 1.833;BetfairSB;;20.44;37.47;BRL;
;;;;;;;;;
317;19/02/2024 12:01;Vorskla Poltava - Zorya Luhansk Football. Ukraine. Premier League 2024-02-26 11:00;Total Over (3-way)(2) = 2.24;Favbet;;45.36;101.61;BRL;
;;;Total Under(2.5) = 1.96;Vbet;;51.84;101.61;BRL;
;;;;;;;;;
318;19/02/2024 11:36;Bromley FC - Eastleigh FC Football. England. National League 2024-02-24 12:30;3-way: 1st team win = 2.07;Favbet;;18.93;39.19;BRL;
;;;LAY 3-way: 1st team win = 2.075;Betfair Ex;;18.88;39.18;BRL;
;;;;;;;;;
319;19/02/2024 11:32;Bromley FC - Eastleigh FC Football. England. National League 2024-02-24 12:30;3-way: 1st team win = 2.1;SportyBet;;75;157.5;BRL;
;;;LAY 3-way: 1st team win = 2.063;Betfair Ex;;76.35;157.51;BRL;
;;;;;;;;;
320;19/02/2024 11:30;Bromley FC - Eastleigh FC Football. England. National League 2024-02-24 12:30;3-way: 1st team win = 2.1;Bet365;;159.09;334.09;BRL;
;;;LAY 3-way: 1st team win = 2.113;Betfair Ex;;158.11;334.09;BRL;
;;;;;;;;;
321;19/02/2024 11:28;Azam FC - Tabora United FC Football. United Republic of Tanzania. Premier League 2024-02-19 13:00;2-way: Handicap/Spread 1st team(-1) = 1.76;Vbet;;9.25;16.28;BRL;
;;;2-way: Handicap/Spread 2nd team(1) = 2.64;Favbet;;6.17;16.29;BRL;
;;;;;;;;;
322;19/02/2024 11:27;Glenavon FC U20 - Linfield U20 Football. Northern Irish U20 2024-02-19 19:45;Total Over(5.5) = 2.8;BetfairSB;;2.55;7.14;BRL;
;;;Total Under(5.5) = 1.709;Pinnacle;;4.18;7.14;BRL;
;;;;;;;;;
323;19/02/2024 08:52;Edmonton Oil Kings - Medicine Hat Tigers Hockey. Canada. WHL 2024-02-19 21:00;Draw No Bet: 1st team win = 2.49;Pinnacle;;9.22;22.96;BRL;
;;;Draw No Bet: 2nd team win = 1.79;Favbet;;12.819.999.999.999.900;22.95;BRL;
;;;;;;;;;
324;19/02/2024 08:23;Blackburn Rovers - Cardiff City Football. England. Championship 2024-02-20 19:45;Total Over(10.5)Corners = 2.5;BetfairSB;;11.55;28.88;BRL;
;;;Total Under(10.5)Corners = 1.8;SportyBet;;16;28.8;BRL;
;;;;;;;;;
325;19/02/2024 07:22;Mors-Thy - Tvis Holstebro Handball. Denmark Championship 2024-02-20 19:00;Draw No Bet: 1st team win = 2.25;Bet365;;16.8;37.8;BRL;
;;;Draw No Bet: 2nd team win = 1.96;Pinnacle;;19.29;37.81;BRL;
;;;;;;;;;
326;19/02/2024 06:47;Kolos Kovalivka - Veres Rivne Football. Ukraine. Premier League 2024-02-25 11:00;Total Over 2nd team(0.5) = 1.73;Vbet;;5.099.000.000.000.000;88.21;BRL;
;;;Total Under 2nd team(0.5) = 2.76;Favbet;;31.960.000.000.000.000;88.21;BRL;
;;;;;;;;;
327;19/02/2024 06:46;Kolos Kovalivka - Veres Rivne Football. Ukraine. Premier League 2024-02-25 11:00;Total Over 2nd team(1) = 2.95;Vbet;;44;129.8;BRL;
;;;Total Under 2nd team(1) = 1.77;Favbet;;73.05;129.3;BRL;
;;;;;;;;;
328;18/02/2024 06:32;Adelaide United - Western Sydney Wanderers Football. Australia. A-League 2024-02-24 08:45;Total Over(3) = 2.025;Bet365;;170.73;345.73;BRL;
;;;Total Under(3) = 2.16;Pinnacle;;160.06;345.73;BRL;
;;;;;;;;;
329;18/02/2024 06:28;Lorient - Strasbourg Alsace Football. France. Ligue 1 2024-02-18 12:00;2-way: Handicap/Spread 1st team(-1)Offsides = 2.56;Favbet;;4.33;11.08;BRL;
;;;2-way: Handicap/Spread 2nd team(1)Offsides = 1.95;Vbet;;5.68;11.08;BRL;
;;;;;;;;;
330;18/02/2024 06:24;Eintracht Frankfurt - Freiburg Football. Germany. Bundesliga 2024-02-18 14:30;Total Over 2nd team(1.5)Cards = 1.833;Bet365;;12.31;22.56;BRL;
;;;Total Under 2nd team(1.5)Cards = 2.49;Favbet;;9.06;22.56;BRL;
;;;;;;;;;
331;16/02/2024 05:01;HB Chelghoum Laid - USM Annaba Football. Algeria. Ligue 2 2024-02-16 14:00;3-way: 1st team win = 1.972;Betfair Ex;;170.69;336.6;BRL;
;;;2-way: Handicap/Spread 2nd team(0.5) = 2.42;Pinnacle;;139.09;336.6;BRL;
;;;;;;;;;
332;16/02/2024 04:33;Buriram United - King of Gamers Club e-Sports. Arena of Valor. RoV Pro League 2024-02-17 05:00;Draw No Bet: 1st team win = 2.37;Bet365;;10.18;24.13;BRL;
;;;Draw No Bet: 2nd team win = 1.862;Pinnacle E-sports;;12.959.999.999.999.900;24.13;BRL;
;;;;;;;;;
333;16/02/2024 04:15;Blackburn Rovers - Preston North End Football. England. Championship 2024-02-17 15:00;Total Over(4)Cards = 2.025;Bet365;;5.1;10.33;BRL;
;;;Total Under(4)Cards = 2.21;Favbet;;4.65;10.28;BRL;
;;;;;;;;;
334;16/02/2024 04:14;Ballyfermot United - Wayside Celtic FC Football. Ireland. FAI Intermediate Cup 2024-02-16 19:45;Double chance: 1st team win or draw = 3.75;Bet365;;6.36;23.85;BRL;
;;;3-way: 2nd team win = 1.46;BetfairSB;;16.34;23.86;BRL;
;;;;;;;;;
335;16/02/2024 03:51;Lecce - Torino Football. Italy. Serie A 2024-02-16 18:00;Total Over 1st team(2.5)Corners = 1.666;Bet365;;12.609.999.999.999.900;21.01;BRL;
;;;Total Under 1st team(2.5)Corners = 2.8;Favbet;;7.5;21.0;BRL;
;;;;;;;;;
336;16/02/2024 03:49;Tottenham Hotspur - Wolverhampton Wanderers Football. England. Premier League 2024-02-17 15:00;Total Over(5.5)Cards = 2.42;Favbet;;9.47;22.92;BRL;
;;;Total Under(5.5)Cards = 1.833;Bet365;;12.499.999.999.999.900;22.91;BRL;
;;;;;;;;;
337;16/02/2024 03:48;Blackburn Rovers - Preston North End Football. England. Championship 2024-02-17 15:00;Total Over(4)Cards = 2.025;Bet365;;5.07;10.27;BRL;
;;;Total Under(4)Cards = 2.21;Favbet;;4.65;10.28;BRL;
;;;;;;;;;
338;15/02/2024 21:29;Club America Femenino - Mazatlán FC Femenino Football. México. Liga MX Femenina 2024-02-16 21:45;Total Over(5.5) = 3.1;BetfairSB;;2.78;8.62;BRL;
;;;Total Under(5.5) = 1.76;Favbet;;4.9;8.62;BRL;
;;;;;;;;;
339;15/02/2024 18:13;Fancy United - Rapid Lofi e-Sports. VCL. Vietnam. Split 1 2024 2024-02-16 13:00;2-way: Handicap/Spread 1st team(-1.5) = 1.55;Favbet;;16.31;25.28;BRL;
;;;2-way: Handicap/Spread 2nd team(1.5) = 3.25;Bet365;;7.780.000.000.000.000;25.29;BRL;
;;;;;;;;;
340;15/02/2024 18:11;Rotherham United - Watford Football. England. Championship 2024-02-17 15:00;Total Over(3.5)Cards = 1.9;Bet365;;5.14;9.77;BRL;
;;;Total Under(3.5)Cards = 2.36;Favbet;;4.14;9.77;BRL;
;;;;;;;;;
341;15/02/2024 18:11;Rotherham United - Watford Football. England. Championship 2024-02-17 15:00;Total Over(3.5)Cards = 1.9;Bet365;;5.14;9.77;BRL;
;;;Total Under(3.5)Cards = 2.36;Favbet;;4.14;9.77;BRL;
;;;;;;;;;
342;15/02/2024 18:11;Blackburn Rovers - Preston North End Football. England. Championship 2024-02-17 15:00;Total Over(4)Cards = 2.025;Bet365;;5.07;10.27;BRL;
;;;Total Under(4)Cards = 2.21;Favbet;;4.65;10.28;BRL;
;;;;;;;;;
343;15/02/2024 17:47;Tottenham Hotspur - Wolverhampton Wanderers Football. England. Premier League 2024-02-17 15:00;Total Over(5.5)Cards = 2.42;Favbet;;9.51;23.01;BRL;
;;;Total Under(5.5)Cards = 1.83;Bet365;;12.58;23.02;BRL;
;;;;;;;;;
344;15/02/2024 17:29;Feyenoord - AS Roma Football. UEFA EUROPA LEAGUE PLAYOFF 2024-02-15 17:45;2-way: Handicap/Spread 1st team(-2)Corners = 2.19;Favbet;;27.579.999.999.999.900;60.4;BRL;
;;;2-way: Handicap/Spread 2nd team(2)Corners = 2.01;Pinnacle;;30.05;60.4;BRL;
;;;;;;;;;
345;15/02/2024 16:53;Chelsea - Manchester City Football. England. Premier League 2024-02-17 17:30;Total Over(5)Cards = 2.6;Favbet;;8.44;21.94;BRL;
;;;Total Under(5)Cards = 1.75;Bet365;;12.54;21.95;BRL;
;;;;;;;;;
346;15/02/2024 16:53;Chelsea - Manchester City Football. England. Premier League 2024-02-17 17:30;Total Over(5)Cards = 2.6;Favbet;;8.44;21.94;BRL;
;;;Total Under(5)Cards = 1.75;Bet365;;12.54;21.95;BRL;
;;;;;;;;;
347;15/02/2024 16:43;Tottenham Hotspur - Wolverhampton Wanderers Football. England. Premier League 2024-02-17 15:00;Total Over(5.5)Cards = 2.42;Favbet;;9.51;23.01;BRL;
;;;Total Under(5.5)Cards = 1.833;Bet365;;12.559.999.999.999.900;23.02;BRL;
;;;;;;;;;
348;15/02/2024 16:37;KAA Gent - Maccabi Haifa Football. Europe. Europa Conference League 2024-02-15 20:00;Total Over(4.5)Cards = 1.98;Pinnacle;;19.66;38.93;BRL;
;;;Total Under(4.5)Cards = 2.25;Favbet;;17.3;38.93;BRL;
;;;;;;;;;
349;15/02/2024 16:36;KAA Gent - Maccabi Haifa Football. Europe. Europa Conference League 2024-02-15 20:00;2-way: Handicap/Spread 1st team(0)Cards = 2.59;Favbet;;14.710.000.000.000.000;38.1;BRL;
;;;2-way: Handicap/Spread 2nd team(0)Cards = 1.85;Bet365;;20.59;38.09;BRL;
;;;;;;;;;
350;15/02/2024 16:26;KAA Gent - Maccabi Haifa Football. Europe. Europa Conference League 2024-02-15 20:00;2-way: Handicap/Spread 1st team(0)Cards = 2.59;Favbet;;35.38;91.63;BRL;
;;;2-way: Handicap/Spread 2nd team(0)Cards = 1.806;Pinnacle;;50.74;91.64;BRL;
;;;;;;;;;
351;15/02/2024 16:24;Club America Femenino - Mazatlán FC Femenino Football. México. Liga MX Femenina 2024-02-16 21:45;Score both teams = 2.9;Betway;;5.3;15.37;BRL;
;;;Not score both teams = 1.8;BetfairSB;;8.55;15.39;BRL;
;;;;;;;;;
352;15/02/2024 14:11;Inter Milan - Salernitana Football. Italy. Serie A 2024-02-16 20:00;Total Over(3.5)Cards = 2;Bet365;;12.669.999.999.999.900;25.34;BRL;
;;;Total Under(3.5)Cards = 2.14;Favbet;;11.84;25.34;BRL;
;;;;;;;;;
353;15/02/2024 13:46;Eintracht Spandau - Unicorns of Love Sexy Edition e-Sports. Premier Tour - Fase Finale 2024-02-15 20:00;Draw No Bet: 1st team win = 1.757;Betfair Ex;;19.999.999.999.999.900;351.4;BRL;
;;;Draw No Bet: 2nd team win = 2.75;Bet365;;12.799.999.999.999.900;352.0;BRL;
;;;;;;;;;
354;15/02/2024 13:46;Eintracht Spandau - Unicorns of Love Sexy Edition e-Sports. Premier Tour - Fase Finale 2024-02-15 20:00;Draw No Bet: 1st team win = 1.757;Betfair Ex;;19.999.999.999.999.900;351.4;BRL;
;;;Draw No Bet: 2nd team win = 2.75;Bet365;;12.799.999.999.999.900;352.0;BRL;
;;;;;;;;;
355;15/02/2024 13:46;Eintracht Spandau - Unicorns of Love Sexy Edition e-Sports. Premier Tour - Fase Finale 2024-02-15 20:00;Draw No Bet: 1st team win = 1.757;Betfair Ex;;19.999.999.999.999.900;351.4;BRL;
;;;Draw No Bet: 2nd team win = 2.75;Bet365;;12.799.999.999.999.900;352.0;BRL;
;;;;;;;;;
356;15/02/2024 13:46;Eintracht Spandau - Unicorns of Love Sexy Edition e-Sports. Premier Tour - Fase Finale 2024-02-15 20:00;Draw No Bet: 1st team win = 1.757;Betfair Ex;;303;532.37;BRL;
;;;Draw No Bet: 2nd team win = 2.75;Bet365;;194;533.5;BRL;
;;;;;;;;;
357;15/02/2024 13:46;Eintracht Spandau - Unicorns of Love Sexy Edition e-Sports. Premier Tour - Fase Finale 2024-02-15 20:00;Draw No Bet: 1st team win = 1.757;Betfair Ex;;303;532.37;BRL;
;;;Draw No Bet: 2nd team win = 2.75;Bet365;;194;533.5;BRL;
;;;;;;;;;
358;15/02/2024 13:46;Eintracht Spandau - Unicorns of Love Sexy Edition e-Sports. Premier Tour - Fase Finale 2024-02-15 20:00;Draw No Bet: 1st team win = 1.757;Betfair Ex;;303;532.37;BRL;
;;;Draw No Bet: 2nd team win = 2.75;Bet365;;194;533.5;BRL;
;;;;;;;;;
359;15/02/2024 13:46;Eintracht Spandau - Unicorns of Love Sexy Edition e-Sports. Premier Tour - Fase Finale 2024-02-15 20:00;Draw No Bet: 1st team win = 1.757;Betfair Ex;;303;532.37;BRL;
;;;Draw No Bet: 2nd team win = 2.75;Bet365;;194;533.5;BRL;
;;;;;;;;;
360;15/02/2024 13:46;Eintracht Spandau - Unicorns of Love Sexy Edition e-Sports. Premier Tour - Fase Finale 2024-02-15 20:00;Draw No Bet: 1st team win = 1.757;Betfair Ex;;303;532.37;BRL;
;;;Draw No Bet: 2nd team win = 2.75;Bet365;;194;533.5;BRL;
;;;;;;;;;
361;15/02/2024 12:43;Newcastle Jets - Western United Football. Australia. A-League 2024-02-16 08:45;Total Over(4)Cards = 2.14;Favbet;;23.68;50.68;BRL;
;;;Total Under(4)Cards = 2.1;Pinnacle;;24.13;50.67;BRL;
;;;;;;;;;
362;15/02/2024 09:02;Eintracht Frankfurt - Unicorns Of Love e-Sports. Valorant. Challengers League DACH 2024-02-15 20:00;Draw No Bet: 1st team win = 1.767;Betfair Ex;;14.139.999.999.999.900;24.99;BRL;
;;;Draw No Bet: 2nd team win = 2.55;Favbet;;9.8;24.99;BRL;
;;;;;;;;;
363;15/02/2024 09:01;Eintracht Frankfurt - Unicorns Of Love e-Sports. Valorant. Challengers League DACH 2024-02-15 20:00;Draw No Bet: 1st team win = 1.767;Betfair Ex;;15.560.000.000.000.000;27.49;BRL;
;;;Draw No Bet: 2nd team win = 2.75;Bet365;;10;27.5;BRL;
;;;;;;;;;
364;15/02/2024 08:12;Angers SCO - AS Saint-Etienne Football. France. Ligue 2 2024-02-17 14:00;Total Over(5)Corners 1 period = 2.18;Pinnacle;;25.38;55.33;BRL;
;;;Total Under(5)Corners 1 period = 2.025;Bet365;;27.32;55.32;BRL;
;;;;;;;;;
365;15/02/2024 08:11;Angers SCO - AS Saint-Etienne Football. France. Ligue 2 2024-02-17 14:00;Total Over(11)Corners = 2.41;Pinnacle;;31.61;76.18;BRL;
;;;Total Under(11)Corners = 1.85;Bet365;;41.18;76.18;BRL;
;;;;;;;;;
366;15/02/2024 08:09;Dynamo Bucuresti - Otelul Galati Football. Romania. Romania. Liga 1 2024-02-18 18:00;Total Over (3-way)(9)Corners = 3;Bet365;;35;105.0;BRL;
;;;Total Under(9.5)Corners = 1.632;Pinnacle;;64.34;105.0;BRL;
;;;;;;;;;
367;15/02/2024 08:08;Dynamo Bucuresti - Otelul Galati Football. Romania. Romania. Liga 1 2024-02-18 18:00;Total Over(8)Corners = 1.9;Bet365;;38.89;73.89;BRL;
;;;Total Under(8)Corners = 2.39;Pinnacle;;30.919.999.999.999.900;73.9;BRL;
;;;;;;;;;
368;15/02/2024 08:04;RSCA Futures - Patro Eisden Maasmechelen Football. Belgium - Challenger Pro League 2024-02-18 12:30;Total Over (3-way)(9)Corners = 2.5;Bet365;;46.67;116.68;BRL;
;;;Total Under(9.5)Corners = 1.806;Pinnacle;;64.6;116.67;BRL;
;;;;;;;;;
369;15/02/2024 07:52;Kellovsky Dominik - Marino Pietro Tennis. ITF Men ITF Tunisia F16 Men Singles 2024-02-15 10:00;Draw No Bet: 1st team win = 1.704;Pinnacle;;19.37;33.01;BRL;
;;;Draw No Bet: 2nd team win = 2.75;Bet365;;12;33.0;BRL;
;;;;;;;;;
370;15/02/2024 07:03;Herlev Eagles - Rodovre Mighty Bulls Hockey. Denmark. Metal Ligaen 2024-02-16 18:30;2-way: Handicap/Spread 1st team(0) = 2.01;Favbet;;10.02;20.14;BRL;
;;;2-way: Handicap/Spread 2nd team(0) = 2.27;Pinnacle;;8.87;20.13;BRL;
;;;;;;;;;
371;15/02/2024 06:51;Niendorfer TSV - TuRa Harksheide Football. Germany. Oberliga 2024-02-16 18:30;3-way: 1st team win = 2.5;BetfairSB;;21.71;54.28;BRL;
;;;2-way: Handicap/Spread 2nd team(0.5) = 1.826;Pinnacle;;29.72;54.27;BRL;
;;;;;;;;;
372;15/02/2024 06:44;Huracan - Velez Sarsfield Football. Argentina Copa de la Liga Profesional 2024-02-18 20:00;3-way: 1st team win = 7.171;Betfair Ex;;53.97;387.02;BRL;
;;;2-way: Handicap/Spread 2nd team(0.5) = 1.29;SportyBet;;300;387.0;BRL;
;;;;;;;;;
373;14/02/2024 21:04;Amur Khabarovsk - Barys Astana Hockey. Russia. KHL 2024-02-16 09:00;Draw No Bet: 1st team win = 1.49;SportyBet;;150;223.5;BRL;
;;;Draw No Bet: 2nd team win = 3.5;Pinnacle;;6.386.000.000.000.000;223.51;BRL;
;;;;;;;;;
374;14/02/2024 18:35;Minnesota Women - Ottawa Women Hockey. North America. PWHL 2024-02-15 01:00;Total Over (3-way)(4) = 2.1;Bet365;;5.46;11.47;BRL;
;;;Total Under(4.5) = 2.15;Betway;;5.33;11.46;BRL;
;;;;;;;;;
375;14/02/2024 18:32;Lorenskog IK - Valerenga Ishockey Hockey. Norway. Fjordkraftligaen 2024-02-15 17:30;2-way: Handicap/Spread 1st team(3.5) = 2.63;BetfairSB;;6.66;17.52;BRL;
;;;2-way: Handicap/Spread 2nd team(-3.5) = 1.78;Bet365;;9.84;17.52;BRL;
;;;;;;;;;
376;14/02/2024 18:26;Tottenham Hotspur - Wolverhampton Wanderers Football. England. Premier League 2024-02-17 15:00;Total Over (3-way) 2nd team(4)Shots on target = 2.8;BetfairSB;;9.67;27.08;BRL;
;;;Total Under 2nd team(4.5)Shots on target = 1.666;Bet365;;16.25;27.07;BRL;
;;;;;;;;;
377;14/02/2024 18:15;BSG Chemie Leipzig - Energie Cottbus Football. Germany. Regionalliga North East 2024-02-16 18:00;2-way: Handicap/Spread 1st team(0) = 2.89;Pinnacle;;21.75;62.86;BRL;
;;;2-way: Handicap/Spread 2nd team(0) = 1.65;Vbet;;38.1;62.87;BRL;
;;;;;;;;;
;;;;;;;;;
;;;;;;;;;
;;;;;;;;;
;;;;;;;;;
;;;;;;;;;
;;;;;;;;;
;;;;;;;;;
;;;;;;;;;
;;;;;;;;;
;;;;;;;;;
;;;;;;;;;
;;;;;;;;;
;;;;;;;;;
;;;;;;;;;
;;;;;;;;;
;;;;;;;;;
;;;;;;;;;
;;;;;;;;;
;;;;;;;;;
;;;;;;;;;
;;;;;;;;;
;;;;;;;;;
;;;;;;;;;
;;;;;;;;;
;;;;;;;;;
;;;;;;;;;
;;;;;;;;;
;;;;;;;;;
;;;;;;;;;
;;;;;;;;;
;;;;;;;;;
;;;;;;;;;
;;;;;;;;;
;;;;;;;;;
;;;;;;;;;
;;;;;;;;;
;;;;;;;;;
;;;;;;;;;
;;;;;;;;;
;;;;;;;;;
;;;;;;;;;
;;;;;;;;;
;;;;;;;;;
;;;;;;;;;
;;;;;;;;;
;;;;;;;;;
;;;;;;;;;
;;;;;;;;;
;;;;;;;;;
;;;;;;;;;
;;;;;;;;;
;;;;;;;;;
;;;;;;;;;
;;;;;;;;;
;;;;;;;;;
;;;;;;;;;
;;;;;;;;;
;;;;;;;;;
;;;;;;;;;
;;;;;;;;;
;;;;;;;;;
;;;;;;;;;
;;;;;;;;;
;;;;;;;;;
;;;;;;;;;
;;;;;;;;;
;;;;;;;;;
;;;;;;;;;
;;;;;;;;;
;;;;;;;;;
;;;;;;;;;
;;;;;;;;;
;;;;;;;;;
;;;;;;;;;
;;;;;;;;;
;;;;;;;;;
;;;;;;;;;
;;;;;;;;;
;;;;;;;;;
;;;;;;;;;
;;;;;;;;;
;;;;;;;;;
;;;;;;;;;
;;;;;;;;;
;;;;;;;;;
;;;;;;;;;
;;;;;;;;;
;;;;;;;;;
;;;;;;;;;
;;;;;;;;;
;;;;;;;;;
;;;;;;;;;
;;;;;;;;;
;;;;;;;;;
;;;;;;;;;
;;;;;;;;;
;;;;;;;;;
;;;;;;;;;
;;;;;;;;;
;;;;;;;;;
;;;;;;;;;
;;;;;;;;;
;;;;;;;;;
;;;;;;;;;
;;;;;;;;;
;;;;;;;;;
;;;;;;;;;
;;;;;;;;;
;;;;;;;;;
;;;;;;;;;
;;;;;;;;;
;;;;;;;;;
;;;;;;;;;
;;;;;;;;;
;;;;;;;;;
;;;;;;;;;
;;;;;;;;;
;;;;;;;;;
;;;;;;;;;
;;;;;;;;;
;;;;;;;;;
;;;;;;;;;
;;;;;;;;;
;;;;;;;;;
;;;;;;;;;
;;;;;;;;;
;;;;;;;;;
;;;;;;;;;
;;;;;;;;;
;;;;;;;;;
;;;;;;;;;
;;;;;;;;;
;;;;;;;;;
;;;;;;;;;
;;;;;;;;;
;;;;;;;;;
;;;;;;;;;
;;;;;;;;;
;;;;;;;;;
;;;;;;;;;
;;;;;;;;;
;;;;;;;;;
;;;;;;;;;
;;;;;;;;;
;;;;;;;;;
;;;;;;;;;
;;;;;;;;;
;;;;;;;;;
;;;;;;;;;
;;;;;;;;;
;;;;;;;;;
;;;;;;;;;
;;;;;;;;;
;;;;;;;;;
;;;;;;;;;
;;;;;;;;;
;;;;;;;;;
;;;;;;;;;
;;;;;;;;;
;;;;;;;;;
;;;;;;;;;
;;;;;;;;;
;;;;;;;;;
;;;;;;;;;
;;;;;;;;;
;;;;;;;;;
;;;;;;;;;
;;;;;;;;;
;;;;;;;;;
;;;;;;;;;
;;;;;;;;;
;;;;;;;;;
;;;;;;;;;
;;;;;;;;;
;;;;;;;;;
;;;;;;;;;
;;;;;;;;;
;;;;;;;;;
;;;;;;;;;
;;;;;;;;;
;;;;;;;;;
;;;;;;;;;
;;;;;;;;;
;;;;;;;;;
;;;;;;;;;
;;;;;;;;;
;;;;;;;;;
;;;;;;;;;
;;;;;;;;;
;;;;;;;;;
;;;;;;;;;
;;;;;;;;;
;;;;;;;;;
;;;;;;;;;
;;;;;;;;;
;;;;;;;;;
;;;;;;;;;
;;;;;;;;;
;;;;;;;;;
;;;;;;;;;
;;;;;;;;;
;;;;;;;;;
;;;;;;;;;
;;;;;;;;;
;;;;;;;;;
;;;;;;;;;
;;;;;;;;;
;;;;;;;;;
;;;;;;;;;
;;;;;;;;;
;;;;;;;;;
;;;;;;;;;
;;;;;;;;;
;;;;;;;;;
;;;;;;;;;
;;;;;;;;;
;;;;;;;;;
;;;;;;;;;
;;;;;;;;;
;;;;;;;;;
;;;;;;;;;
;;;;;;;;;
;;;;;;;;;
;;;;;;;;;
;;;;;;;;;
;;;;;;;;;
;;;;;;;;;
;;;;;;;;;
;;;;;;;;;
;;;;;;;;;
;;;;;;;;;
;;;;;;;;;
;;;;;;;;;
;;;;;;;;;
;;;;;;;;;
;;;;;;;;;
;;;;;;;;;
;;;;;;;;;
;;;;;;;;;
;;;;;;;;;
;;;;;;;;;
;;;;;;;;;
;;;;;;;;;
;;;;;;;;;
;;;;;;;;;
;;;;;;;;;
;;;;;;;;;
;;;;;;;;;
;;;;;;;;;
;;;;;;;;;
;;;;;;;;;
;;;;;;;;;
;;;;;;;;;
;;;;;;;;;
;;;;;;;;;
;;;;;;;;;
;;;;;;;;;
;;;;;;;;;
;;;;;;;;;
;;;;;;;;;
;;;;;;;;;
;;;;;;;;;
;;;;;;;;;
;;;;;;;;;
;;;;;;;;;
;;;;;;;;;
;;;;;;;;;
;;;;;;;;;
;;;;;;;;;
;;;;;;;;;
;;;;;;;;;
;;;;;;;;;
;;;;;;;;;
;;;;;;;;;
;;;;;;;;;
;;;;;;;;;
;;;;;;;;;
;;;;;;;;;
;;;;;;;;;
;;;;;;;;;
;;;;;;;;;
;;;;;;;;;
;;;;;;;;;
;;;;;;;;;
;;;;;;;;;
;;;;;;;;;
;;;;;;;;;
;;;;;;;;;
;;;;;;;;;
;;;;;;;;;
;;;;;;;;;
;;;;;;;;;
;;;;;;;;;
;;;;;;;;;
;;;;;;;;;
;;;;;;;;;
;;;;;;;;;
;;;;;;;;;
;;;;;;;;;
;;;;;;;;;
;;;;;;;;;
;;;;;;;;;
;;;;;;;;;
;;;;;;;;;
;;;;;;;;;
;;;;;;;;;
;;;;;;;;;
;;;;;;;;;
;;;;;;;;;
;;;;;;;;;
;;;;;;;;;
;;;;;;;;;
;;;;;;;;;
;;;;;;;;;
;;;;;;;;;
;;;;;;;;;
;;;;;;;;;
;;;;;;;;;
;;;;;;;;;
;;;;;;;;;
;;;;;;;;;
;;;;;;;;;
;;;;;;;;;
;;;;;;;;;
;;;;;;;;;
;;;;;;;;;
;;;;;;;;;
;;;;;;;;;
;;;;;;;;;
;;;;;;;;;
;;;;;;;;;
;;;;;;;;;
;;;;;;;;;
;;;;;;;;;
;;;;;;;;;
;;;;;;;;;
;;;;;;;;;
;;;;;;;;;
;;;;;;;;;
;;;;;;;;;
;;;;;;;;;
;;;;;;;;;
;;;;;;;;;
;;;;;;;;;
;;;;;;;;;
;;;;;;;;;
;;;;;;;;;
;;;;;;;;;
;;;;;;;;;
;;;;;;;;;
;;;;;;;;;
;;;;;;;;;
;;;;;;;;;
;;;;;;;;;
;;;;;;;;;
;;;;;;;;;
;;;;;;;;;
;;;;;;;;;
;;;;;;;;;
;;;;;;;;;
;;;;;;;;;
;;;;;;;;;
;;;;;;;;;
;;;;;;;;;
;;;;;;;;;
;;;;;;;;;
;;;;;;;;;
;;;;;;;;;
;;;;;;;;;
;;;;;;;;;
;;;;;;;;;
;;;;;;;;;
;;;;;;;;;
;;;;;;;;;
;;;;;;;;;
;;;;;;;;;
;;;;;;;;;
;;;;;;;;;
;;;;;;;;;
;;;;;;;;;
;;;;;;;;;
;;;;;;;;;
;;;;;;;;;
;;;;;;;;;
;;;;;;;;;
;;;;;;;;;
;;;;;;;;;
;;;;;;;;;
;;;;;;;;;
;;;;;;;;;
;;;;;;;;;
;;;;;;;;;
;;;;;;;;;
;;;;;;;;;
;;;;;;;;;
;;;;;;;;;
;;;;;;;;;
;;;;;;;;;
;;;;;;;;;
;;;;;;;;;
;;;;;;;;;
;;;;;;;;;
;;;;;;;;;
;;;;;;;;;
;;;;;;;;;
;;;;;;;;;
;;;;;;;;;
;;;;;;;;;
;;;;;;;;;
;;;;;;;;;
;;;;;;;;;
;;;;;;;;;
;;;;;;;;;
;;;;;;;;;
;;;;;;;;;
;;;;;;;;;
;;;;;;;;;
;;;;;;;;;
;;;;;;;;;
;;;;;;;;;
;;;;;;;;;
;;;;;;;;;
;;;;;;;;;
;;;;;;;;;
;;;;;;;;;
;;;;;;;;;
;;;;;;;;;
;;;;;;;;;
;;;;;;;;;
;;;;;;;;;
;;;;;;;;;
;;;;;;;;;
;;;;;;;;;
;;;;;;;;;
;;;;;;;;;
;;;;;;;;;
;;;;;;;;;
;;;;;;;;;
;;;;;;;;;
;;;;;;;;;
;;;;;;;;;
;;;;;;;;;
;;;;;;;;;
;;;;;;;;;
;;;;;;;;;
;;;;;;;;;
;;;;;;;;;
;;;;;;;;;
;;;;;;;;;
;;;;;;;;;
;;;;;;;;;
;;;;;;;;;
;;;;;;;;;
;;;;;;;;;
;;;;;;;;;
;;;;;;;;;
;;;;;;;;;
;;;;;;;;;
;;;;;;;;;
;;;;;;;;;
;;;;;;;;;
;;;;;;;;;
;;;;;;;;;
;;;;;;;;;
;;;;;;;;;
;;;;;;;;;
;;;;;;;;;
;;;;;;;;;
;;;;;;;;;
;;;;;;;;;
;;;;;;;;;
;;;;;;;;;
;;;;;;;;;
;;;;;;;;;
;;;;;;;;;
;;;;;;;;;
;;;;;;;;;
;;;;;;;;;
;;;;;;;;;
;;;;;;;;;
;;;;;;;;;
;;;;;;;;;
;;;;;;;;;
;;;;;;;;;
;;;;;;;;;
;;;;;;;;;
;;;;;;;;;
;;;;;;;;;
;;;;;;;;;
;;;;;;;;;
;;;;;;;;;
;;;;;;;;;
;;;;;;;;;
;;;;;;;;;
;;;;;;;;;
;;;;;;;;;
;;;;;;;;;
;;;;;;;;;
;;;;;;;;;
;;;;;;;;;
;;;;;;;;;
;;;;;;;;;
;;;;;;;;;
;;;;;;;;;
;;;;;;;;;
;;;;;;;;;
;;;;;;;;;
;;;;;;;;;
;;;;;;;;;
;;;;;;;;;
;;;;;;;;;
;;;;;;;;;
;;;;;;;;;
;;;;;;;;;
;;;;;;;;;
;;;;;;;;;
;;;;;;;;;
;;;;;;;;;
;;;;;;;;;
;;;;;;;;;
;;;;;;;;;
;;;;;;;;;
;;;;;;;;;
;;;;;;;;;
;;;;;;;;;
;;;;;;;;;
;;;;;;;;;
;;;;;;;;;
;;;;;;;;;
;;;;;;;;;
;;;;;;;;;
;;;;;;;;;
;;;;;;;;;
;;;;;;;;;
;;;;;;;;;
;;;;;;;;;
;;;;;;;;;
;;;;;;;;;
;;;;;;;;;
;;;;;;;;;
;;;;;;;;;
;;;;;;;;;
;;;;;;;;;
;;;;;;;;;
;;;;;;;;;
;;;;;;;;;
;;;;;;;;;
;;;;;;;;;
;;;;;;;;;
;;;;;;;;;
;;;;;;;;;
;;;;;;;;;
;;;;;;;;;
;;;;;;;;;
;;;;;;;;;
;;;;;;;;;
;;;;;;;;;
;;;;;;;;;
;;;;;;;;;
;;;;;;;;;
;;;;;;;;;
;;;;;;;;;
;;;;;;;;;
;;;;;;;;;
;;;;;;;;;
;;;;;;;;;
;;;;;;;;;
;;;;;;;;;
;;;;;;;;;
;;;;;;;;;
;;;;;;;;;
;;;;;;;;;
;;;;;;;;;
;;;;;;;;;
;;;;;;;;;
;;;;;;;;;
;;;;;;;;;
;;;;;;;;;
;;;;;;;;;
;;;;;;;;;
;;;;;;;;;
;;;;;;;;;
;;;;;;;;;
;;;;;;;;;
;;;;;;;;;
;;;;;;;;;
;;;;;;;;;
;;;;;;;;;
;;;;;;;;;
;;;;;;;;;
;;;;;;;;;
;;;;;;;;;
;;;;;;;;;
;;;;;;;;;
;;;;;;;;;
;;;;;;;;;
;;;;;;;;;
;;;;;;;;;
;;;;;;;;;
;;;;;;;;;
;;;;;;;;;
;;;;;;;;;
;;;;;;;;;
;;;;;;;;;
;;;;;;;;;
;;;;;;;;;
;;;;;;;;;
;;;;;;;;;
;;;;;;;;;
;;;;;;;;;
;;;;;;;;;
;;;;;;;;;
;;;;;;;;;
;;;;;;;;;
;;;;;;;;;
;;;;;;;;;
;;;;;;;;;
;;;;;;;;;
;;;;;;;;;
;;;;;;;;;
;;;;;;;;;
;;;;;;;;;
;;;;;;;;;
;;;;;;;;;
;;;;;;;;;
;;;;;;;;;
;;;;;;;;;
;;;;;;;;;
;;;;;;;;;
;;;;;;;;;
;;;;;;;;;
;;;;;;;;;
;;;;;;;;;
;;;;;;;;;
;;;;;;;;;
;;;;;;;;;
;;;;;;;;;
;;;;;;;;;
;;;;;;;;;
;;;;;;;;;
;;;;;;;;;
;;;;;;;;;
;;;;;;;;;
;;;;;;;;;
;;;;;;;;;
;;;;;;;;;
;;;;;;;;;
;;;;;;;;;
;;;;;;;;;
;;;;;;;;;
;;;;;;;;;
;;;;;;;;;
;;;;;;;;;
;;;;;;;;;
;;;;;;;;;
;;;;;;;;;
;;;;;;;;;
;;;;;;;;;
;;;;;;;;;
;;;;;;;;;
;;;;;;;;;
;;;;;;;;;
;;;;;;;;;
;;;;;;;;;
;;;;;;;;;
;;;;;;;;;
;;;;;;;;;
;;;;;;;;;
;;;;;;;;;
;;;;;;;;;
;;;;;;;;;
;;;;;;;;;
;;;;;;;;;
;;;;;;;;;
;;;;;;;;;
;;;;;;;;;
;;;;;;;;;
;;;;;;;;;
;;;;;;;;;
;;;;;;;;;
;;;;;;;;;
;;;;;;;;;
;;;;;;;;;
;;;;;;;;;
;;;;;;;;;
;;;;;;;;;
;;;;;;;;;
;;;;;;;;;
;;;;;;;;;
;;;;;;;;;
;;;;;;;;;
;;;;;;;;;
;;;;;;;;;
;;;;;;;;;
;;;;;;;;;
;;;;;;;;;
;;;;;;;;;
;;;;;;;;;
;;;;;;;;;
;;;;;;;;;
;;;;;;;;;
;;;;;;;;;
;;;;;;;;;
;;;;;;;;;
